-- phpMyAdmin SQL Dump
-- version 5.2.0
-- https://www.phpmyadmin.net/
--
-- Host: localhost
-- Generation Time: Jan 25, 2024 at 06:50 AM
-- Server version: 10.2.38-MariaDB
-- PHP Version: 7.2.34

SET SQL_MODE = "NO_AUTO_VALUE_ON_ZERO";
START TRANSACTION;
SET time_zone = "+00:00";


/*!40101 SET @OLD_CHARACTER_SET_CLIENT=@@CHARACTER_SET_CLIENT */;
/*!40101 SET @OLD_CHARACTER_SET_RESULTS=@@CHARACTER_SET_RESULTS */;
/*!40101 SET @OLD_COLLATION_CONNECTION=@@COLLATION_CONNECTION */;
/*!40101 SET NAMES utf8mb4 */;

--
-- Database: `manimaran`
--

-- --------------------------------------------------------

--
-- Table structure for table `advance`
--

CREATE TABLE `advance` (
  `id` int(11) NOT NULL,
  `adv_date` varchar(100) DEFAULT NULL,
  `lorry_no` varchar(10) DEFAULT NULL,
  `adv_amount` varchar(100) DEFAULT NULL,
  `pay_mode` varchar(500) DEFAULT NULL
) ENGINE=InnoDB DEFAULT CHARSET=latin1;

--
-- Dumping data for table `advance`
--

INSERT INTO `advance` (`id`, `adv_date`, `lorry_no`, `adv_amount`, `pay_mode`) VALUES
(5, '1694822400', '3', '15000', 'GPAY'),
(6, '1694995200', '4', '15000', 'GPAY'),
(7, '1695081600', '6', '15000', 'IN HAND'),
(8, '1695168000', '7', '15000', 'IN HAND'),
(9, '1695081600', '11', '10000', 'SOWTHA IOB'),
(10, '1695254400', '10', '10000', 'ATM'),
(11, '1694995200', '12', '10000', 'ATM'),
(12, '1695254400', '5', '5000', 'FROM BUNK'),
(13, '1695254400', '8', '5000', 'FROM BUNK'),
(14, '1695254400', '12', '15000', 'ATM'),
(15, '1695254400', '11', '10000', 'SOWTHA IOB'),
(16, '1695340800', '8', '13000', 'FROM COW PARTY'),
(17, '1695340800', '9', '10000', 'FROM PARTY FREIGHT'),
(18, '1695340800', '10', '5000', 'GPAY DHANAPAL'),
(19, '1695340800', '4', '10000', 'GPAY '),
(20, '1695340800', '12', '5000', 'ATM'),
(21, '1695513600', '6', '5000', 'SOWTHA CANARA'),
(22, '1695427200', '4', '15000', 'GPAY '),
(23, '1695513600', '3', '10000', 'GPAY '),
(24, '1695513600', '10', '10000', 'ATM'),
(25, '1695686400', '7', '5000', 'ATM'),
(26, '1695340800', '5', '9000', 'FROM COW PARTY'),
(27, '1695427200', '9', '5000', 'ATM'),
(28, '1695686400', '9', '10000', 'ATM'),
(29, '1695600000', '8', '-18000', 'ACCOUNT CLOSED '),
(30, '1695686400', '8', '5000', 'GPAY '),
(31, '1695600000', '6', '3000', 'GPAY '),
(32, '1695686400', '5', '3000', 'ATM'),
(33, '1695686400', '11', '10000', 'ATM'),
(34, '1695686400', '10', '5000', 'LOGU GPAY'),
(35, '1695686400', '12', '5000', 'DRIVER ACC'),
(36, '1695600000', '9', '-15000', 'ACCOUNT CLOSED'),
(37, '1695686400', '5', '-17000', 'ACCOUNT CLOSED'),
(38, '1695600000', '11', '-20000', 'ACCOUNT CLOSED'),
(39, '1695600000', '7', '-10000', 'ACCOUNT CLOSED'),
(40, '1695772800', '10', '5000', 'FROM SAMPATH IN HAND'),
(41, '1695772800', '12', '10000', 'ATM'),
(42, '1695772800', '10', '5000', 'ATM'),
(43, '1695772800', '3', '10000', 'GPAY'),
(44, '1695945600', '9', '10000', 'ATM'),
(45, '1695859200', '7', '5000', 'FROM BUNK'),
(46, '1695859200', '5', '5000', 'FROM BUNK'),
(47, '1695859200', '6', '15000', 'FROM BUNK'),
(48, '1695945600', '10', '15000', 'ATM'),
(49, '1696204800', '11', '10000', 'ATM'),
(50, '1696204800', '4', '10000', 'GPAY LOGU'),
(51, '1696291200', '4', '5000', 'GPAY LOGU'),
(52, '1696377600', '12', '15000', 'ATM'),
(53, '1696550400', '9', '5000', 'ATM'),
(54, '1696464000', '4', '10000', 'GPAY'),
(55, '1696636800', '3', '15000', 'GPAY 10, jagan5'),
(56, '1696550400', '11', '10000', 'ATM'),
(57, '1696809600', '10', '12000', 'Dhanabal acc'),
(58, '1696896000', '11', '15000', 'SOWTHA IOB'),
(59, '1696896000', '5', '10000', 'ATM'),
(60, '1696809600', '12', '5000', 'DRIVER ACC'),
(61, '1696809600', '9', '5000', 'ATM'),
(62, '1697328000', '11', '5000', 'ATM'),
(63, '1697587200', '11', '5000', 'ATM'),
(64, '1697673600', '11', '17000', 'ATM'),
(65, '1697587200', '11', '5000', 'GPAY'),
(66, '1697068800', '11', '10500', 'CASH FROM TOMATO'),
(67, '1698105600', '10', '20000', 'IN HAND'),
(68, '1698451200', '11', '4000', 'IN HAND'),
(69, '', '', '', ''),
(70, '1698105600', '10', '20000', 'CASH'),
(71, '1698364800', '10', '10000', 'ATM'),
(72, '1698796800', '10', '10000', 'ATM'),
(73, '1698969600', '10', '10000', 'DRIVER ACC'),
(74, '1698364800', '11', '4000', 'CASH');

-- --------------------------------------------------------

--
-- Table structure for table `cities`
--

CREATE TABLE `cities` (
  `id` int(11) NOT NULL,
  `city` varchar(100) DEFAULT NULL,
  `state` varchar(100) DEFAULT NULL
) ENGINE=InnoDB DEFAULT CHARSET=latin1;

--
-- Dumping data for table `cities`
--

INSERT INTO `cities` (`id`, `city`, `state`) VALUES
(1, 'Port Blair', 'Andaman and Nicobar Islands'),
(2, 'Adoni', 'Andhra Pradesh'),
(3, 'Amalapuram', 'Andhra Pradesh'),
(4, 'Anakapalle', 'Andhra Pradesh'),
(5, 'Anantapur', 'Andhra Pradesh'),
(6, 'Bapatla', 'Andhra Pradesh'),
(7, 'Bheemunipatnam', 'Andhra Pradesh'),
(8, 'Bhimavaram', 'Andhra Pradesh'),
(9, 'Bobbili', 'Andhra Pradesh'),
(10, 'Chilakaluripet', 'Andhra Pradesh'),
(11, 'Chirala', 'Andhra Pradesh'),
(12, 'Chittoor', 'Andhra Pradesh'),
(13, 'Dharmavaram', 'Andhra Pradesh'),
(14, 'Eluru', 'Andhra Pradesh'),
(15, 'Gooty', 'Andhra Pradesh'),
(16, 'Gudivada', 'Andhra Pradesh'),
(17, 'Gudur', 'Andhra Pradesh'),
(18, 'Guntakal', 'Andhra Pradesh'),
(19, 'Guntur', 'Andhra Pradesh'),
(20, 'Hindupur', 'Andhra Pradesh'),
(21, 'Jaggaiahpet', 'Andhra Pradesh'),
(22, 'Jammalamadugu', 'Andhra Pradesh'),
(23, 'Kadapa', 'Andhra Pradesh'),
(24, 'Kadiri', 'Andhra Pradesh'),
(25, 'Kakinada', 'Andhra Pradesh'),
(26, 'Kandukur', 'Andhra Pradesh'),
(27, 'Kavali', 'Andhra Pradesh'),
(28, 'Kovvur', 'Andhra Pradesh'),
(29, 'Kurnool', 'Andhra Pradesh'),
(30, 'Macherla', 'Andhra Pradesh'),
(31, 'Machilipatnam', 'Andhra Pradesh'),
(32, 'Madanapalle', 'Andhra Pradesh'),
(33, 'Mandapeta', 'Andhra Pradesh'),
(34, 'Markapur', 'Andhra Pradesh'),
(35, 'Nagari', 'Andhra Pradesh'),
(36, 'Naidupet', 'Andhra Pradesh'),
(37, 'Nandyal', 'Andhra Pradesh'),
(38, 'Narasapuram', 'Andhra Pradesh'),
(39, 'Narasaraopet', 'Andhra Pradesh'),
(40, 'Narsipatnam', 'Andhra Pradesh'),
(41, 'Nellore', 'Andhra Pradesh'),
(42, 'Nidadavole', 'Andhra Pradesh'),
(43, 'Nuzvid', 'Andhra Pradesh'),
(44, 'Ongole', 'Andhra Pradesh'),
(45, 'Palacole', 'Andhra Pradesh'),
(46, 'Palasa Kasibugga', 'Andhra Pradesh'),
(47, 'Parvathipuram', 'Andhra Pradesh'),
(48, 'Pedana', 'Andhra Pradesh'),
(49, 'Peddapuram', 'Andhra Pradesh'),
(50, 'Pithapuram', 'Andhra Pradesh'),
(51, 'Ponnur', 'Andhra Pradesh'),
(52, 'Proddatur', 'Andhra Pradesh'),
(53, 'Punganur', 'Andhra Pradesh'),
(54, 'Rajahmundry', 'Andhra Pradesh'),
(55, 'Rajam', 'Andhra Pradesh'),
(56, 'Rajampet', 'Andhra Pradesh'),
(57, 'Ramachandrapuram', 'Andhra Pradesh'),
(58, 'Rayachoti', 'Andhra Pradesh'),
(59, 'Rayadurg', 'Andhra Pradesh'),
(60, 'Renigunta', 'Andhra Pradesh'),
(61, 'Repalle', 'Andhra Pradesh'),
(62, 'Salur', 'Andhra Pradesh'),
(63, 'Samalkot', 'Andhra Pradesh'),
(64, 'Sattenapalle', 'Andhra Pradesh'),
(65, 'Srikakulam', 'Andhra Pradesh'),
(66, 'Srikalahasti', 'Andhra Pradesh'),
(67, 'Srisailam Project (Right Flank Colony) Township', 'Andhra Pradesh'),
(68, 'Sullurpeta', 'Andhra Pradesh'),
(69, 'Tadepalligudem', 'Andhra Pradesh'),
(70, 'Tadpatri', 'Andhra Pradesh'),
(71, 'Tanuku', 'Andhra Pradesh'),
(72, 'Tenali', 'Andhra Pradesh'),
(73, 'Tirupati', 'Andhra Pradesh'),
(74, 'Tiruvuru', 'Andhra Pradesh'),
(75, 'Tuni', 'Andhra Pradesh'),
(76, 'Uravakonda', 'Andhra Pradesh'),
(77, 'Venkatagiri', 'Andhra Pradesh'),
(78, 'Vijayawada', 'Andhra Pradesh'),
(79, 'Vinukonda', 'Andhra Pradesh'),
(80, 'Visakhapatnam', 'Andhra Pradesh'),
(81, 'Vizianagaram', 'Andhra Pradesh'),
(82, 'Yemmiganur', 'Andhra Pradesh'),
(83, 'Yerraguntla', 'Andhra Pradesh'),
(84, 'Naharlagun', 'Arunachal Pradesh'),
(85, 'Pasighat', 'Arunachal Pradesh'),
(86, 'Barpeta', 'Assam'),
(87, 'Bongaigaon City', 'Assam'),
(88, 'Dhubri', 'Assam'),
(89, 'Dibrugarh', 'Assam'),
(90, 'Diphu', 'Assam'),
(91, 'Dispur', 'Assam'),
(92, 'Goalpara', 'Assam'),
(93, 'Guwahati', 'Assam'),
(94, 'Jorhat', 'Assam'),
(95, 'Karimganj', 'Assam'),
(96, 'Lanka', 'Assam'),
(97, 'Lumding', 'Assam'),
(98, 'Mangaldoi', 'Assam'),
(99, 'Mankachar', 'Assam'),
(100, 'Margherita', 'Assam'),
(101, 'Mariani', 'Assam'),
(102, 'Marigaon', 'Assam'),
(103, 'Nagaon', 'Assam'),
(104, 'Nalbari', 'Assam'),
(105, 'North Lakhimpur', 'Assam'),
(106, 'Rangia', 'Assam'),
(107, 'Sibsagar', 'Assam'),
(108, 'Silapathar', 'Assam'),
(109, 'Silchar', 'Assam'),
(110, 'Tezpur', 'Assam'),
(111, 'Tinsukia', 'Assam'),
(112, 'Araria', 'Bihar'),
(113, 'Arrah', 'Bihar'),
(114, 'Arwal', 'Bihar'),
(115, 'Asarganj', 'Bihar'),
(116, 'Bagaha', 'Bihar'),
(117, 'Barh', 'Bihar'),
(118, 'Begusarai', 'Bihar'),
(119, 'Bettiah', 'Bihar'),
(120, 'BhabUrban Agglomeration', 'Bihar'),
(121, 'Bhagalpur', 'Bihar'),
(122, 'Buxar', 'Bihar'),
(123, 'Chhapra', 'Bihar'),
(124, 'Darbhanga', 'Bihar'),
(125, 'Dehri-on-Sone', 'Bihar'),
(126, 'Dumraon', 'Bihar'),
(127, 'Forbesganj', 'Bihar'),
(128, 'Gaya', 'Bihar'),
(129, 'Gopalganj', 'Bihar'),
(130, 'Hajipur', 'Bihar'),
(131, 'Jamalpur', 'Bihar'),
(132, 'Jamui', 'Bihar'),
(133, 'Jehanabad', 'Bihar'),
(134, 'Katihar', 'Bihar'),
(135, 'Kishanganj', 'Bihar'),
(136, 'Lakhisarai', 'Bihar'),
(137, 'Lalganj', 'Bihar'),
(138, 'Madhepura', 'Bihar'),
(139, 'Madhubani', 'Bihar'),
(140, 'Maharajganj', 'Bihar'),
(141, 'Mahnar Bazar', 'Bihar'),
(142, 'Makhdumpur', 'Bihar'),
(143, 'Maner', 'Bihar'),
(144, 'Manihari', 'Bihar'),
(145, 'Marhaura', 'Bihar'),
(146, 'Masaurhi', 'Bihar'),
(147, 'Mirganj', 'Bihar'),
(148, 'Mokameh', 'Bihar'),
(149, 'Motihari', 'Bihar'),
(150, 'Motipur', 'Bihar'),
(151, 'Munger', 'Bihar'),
(152, 'Murliganj', 'Bihar'),
(153, 'Muzaffarpur', 'Bihar'),
(154, 'Narkatiaganj', 'Bihar'),
(155, 'Naugachhia', 'Bihar'),
(156, 'Nawada', 'Bihar'),
(157, 'Patna', 'Bihar'),
(158, 'Piro', 'Bihar'),
(159, 'Purnia', 'Bihar'),
(160, 'Rafiganj', 'Bihar'),
(161, 'Rajgir', 'Bihar'),
(162, 'Raxaul Bazar', 'Bihar'),
(163, 'Revelganj', 'Bihar'),
(164, 'Rosera', 'Bihar'),
(165, 'Saharsa', 'Bihar'),
(166, 'Samastipur', 'Bihar'),
(167, 'Sasaram', 'Bihar'),
(168, 'Sheikhpura', 'Bihar'),
(169, 'Sheohar', 'Bihar'),
(170, 'Sherghati', 'Bihar'),
(171, 'Silao', 'Bihar'),
(172, 'Sitamarhi', 'Bihar'),
(173, 'Siwan', 'Bihar'),
(174, 'Sonepur', 'Bihar'),
(175, 'Sugauli', 'Bihar'),
(176, 'Sultanganj', 'Bihar'),
(177, 'Supaul', 'Bihar'),
(178, 'Warisaliganj', 'Bihar'),
(179, 'Chandigarh', 'Chandigarh'),
(180, 'Ambikapur', 'Chhattisgarh'),
(181, 'Bhatapara', 'Chhattisgarh'),
(182, 'Bhilai Nagar', 'Chhattisgarh'),
(183, 'Bilaspur', 'Chhattisgarh'),
(184, 'Chirmiri', 'Chhattisgarh'),
(185, 'Dalli-Rajhara', 'Chhattisgarh'),
(186, 'Dhamtari', 'Chhattisgarh'),
(187, 'Durg', 'Chhattisgarh'),
(188, 'Jagdalpur', 'Chhattisgarh'),
(189, 'Korba', 'Chhattisgarh'),
(190, 'Mahasamund', 'Chhattisgarh'),
(191, 'Manendragarh', 'Chhattisgarh'),
(192, 'Mungeli', 'Chhattisgarh'),
(193, 'Naila Janjgir', 'Chhattisgarh'),
(194, 'Raigarh', 'Chhattisgarh'),
(195, 'Raipur', 'Chhattisgarh'),
(196, 'Rajnandgaon', 'Chhattisgarh'),
(197, 'Sakti', 'Chhattisgarh'),
(198, 'Tilda Newra', 'Chhattisgarh'),
(199, 'Silvassa', 'Dadra and Nagar Haveli'),
(200, 'Delhi', 'Delhi'),
(201, 'New Delhi', 'Delhi'),
(202, 'Mapusa', 'Goa'),
(203, 'Margao', 'Goa'),
(204, 'Marmagao', 'Goa'),
(205, 'Panaji', 'Goa'),
(206, 'Adalaj', 'Gujarat'),
(207, 'Ahmedabad', 'Gujarat'),
(208, 'Amreli', 'Gujarat'),
(209, 'Anand', 'Gujarat'),
(210, 'Anjar', 'Gujarat'),
(211, 'Ankleshwar', 'Gujarat'),
(212, 'Bharuch', 'Gujarat'),
(213, 'Bhavnagar', 'Gujarat'),
(214, 'Bhuj', 'Gujarat'),
(215, 'Deesa', 'Gujarat'),
(216, 'Dhoraji', 'Gujarat'),
(217, 'Gandhinagar', 'Gujarat'),
(218, 'Godhra', 'Gujarat'),
(219, 'Jamnagar', 'Gujarat'),
(220, 'Kadi', 'Gujarat'),
(221, 'Kapadvanj', 'Gujarat'),
(222, 'Keshod', 'Gujarat'),
(223, 'Khambhat', 'Gujarat'),
(224, 'Lathi', 'Gujarat'),
(225, 'Limbdi', 'Gujarat'),
(226, 'Lunawada', 'Gujarat'),
(227, 'Mahemdabad', 'Gujarat'),
(228, 'Mahesana', 'Gujarat'),
(229, 'Mahuva', 'Gujarat'),
(230, 'Manavadar', 'Gujarat'),
(231, 'Mandvi', 'Gujarat'),
(232, 'Mangrol', 'Gujarat'),
(233, 'Modasa', 'Gujarat'),
(234, 'Morvi', 'Gujarat'),
(235, 'Nadiad', 'Gujarat'),
(236, 'Navsari', 'Gujarat'),
(237, 'Padra', 'Gujarat'),
(238, 'Palanpur', 'Gujarat'),
(239, 'Palitana', 'Gujarat'),
(240, 'Pardi', 'Gujarat'),
(241, 'Patan', 'Gujarat'),
(242, 'Petlad', 'Gujarat'),
(243, 'Porbandar', 'Gujarat'),
(244, 'Radhanpur', 'Gujarat'),
(245, 'Rajkot', 'Gujarat'),
(246, 'Rajpipla', 'Gujarat'),
(247, 'Rajula', 'Gujarat'),
(248, 'Ranavav', 'Gujarat'),
(249, 'Rapar', 'Gujarat'),
(250, 'Salaya', 'Gujarat'),
(251, 'Sanand', 'Gujarat'),
(252, 'Savarkundla', 'Gujarat'),
(253, 'Sidhpur', 'Gujarat'),
(254, 'Sihor', 'Gujarat'),
(255, 'Songadh', 'Gujarat'),
(256, 'Surat', 'Gujarat'),
(257, 'Talaja', 'Gujarat'),
(258, 'Thangadh', 'Gujarat'),
(259, 'Tharad', 'Gujarat'),
(260, 'Umbergaon', 'Gujarat'),
(261, 'Umreth', 'Gujarat'),
(262, 'Una', 'Gujarat'),
(263, 'Unjha', 'Gujarat'),
(264, 'Upleta', 'Gujarat'),
(265, 'Vadnagar', 'Gujarat'),
(266, 'Vadodara', 'Gujarat'),
(267, 'Valsad', 'Gujarat'),
(268, 'Vapi', 'Gujarat'),
(269, 'Veraval', 'Gujarat'),
(270, 'Vijapur', 'Gujarat'),
(271, 'Viramgam', 'Gujarat'),
(272, 'Visnagar', 'Gujarat'),
(273, 'Vyara', 'Gujarat'),
(274, 'Wadhwan', 'Gujarat'),
(275, 'Wankaner', 'Gujarat'),
(276, 'Bahadurgarh', 'Haryana'),
(277, 'Bhiwani', 'Haryana'),
(278, 'Charkhi Dadri', 'Haryana'),
(279, 'Faridabad', 'Haryana'),
(280, 'Fatehabad', 'Haryana'),
(281, 'Gohana', 'Haryana'),
(282, 'Gurgaon', 'Haryana'),
(283, 'Hansi', 'Haryana'),
(284, 'Hisar', 'Haryana'),
(285, 'Jind', 'Haryana'),
(286, 'Kaithal', 'Haryana'),
(287, 'Karnal', 'Haryana'),
(288, 'Ladwa', 'Haryana'),
(289, 'Mahendragarh', 'Haryana'),
(290, 'Mandi Dabwali', 'Haryana'),
(291, 'Narnaul', 'Haryana'),
(292, 'Narwana', 'Haryana'),
(293, 'Palwal', 'Haryana'),
(294, 'Panchkula', 'Haryana'),
(295, 'Panipat', 'Haryana'),
(296, 'Pehowa', 'Haryana'),
(297, 'Pinjore', 'Haryana'),
(298, 'Rania', 'Haryana'),
(299, 'Ratia', 'Haryana'),
(300, 'Rewari', 'Haryana'),
(301, 'Rohtak', 'Haryana'),
(302, 'Safidon', 'Haryana'),
(303, 'Samalkha', 'Haryana'),
(304, 'Sarsod', 'Haryana'),
(305, 'Shahbad', 'Haryana'),
(306, 'Sirsa', 'Haryana'),
(307, 'Sohna', 'Haryana'),
(308, 'Sonipat', 'Haryana'),
(309, 'Taraori', 'Haryana'),
(310, 'Thanesar', 'Haryana'),
(311, 'Tohana', 'Haryana'),
(312, 'Yamunanagar', 'Haryana'),
(313, 'Manali', 'Himachal Praddesh'),
(314, 'Kullu', 'Himachal Pradesh'),
(315, 'Mandi', 'Himachal Pradesh'),
(316, 'Nahan', 'Himachal Pradesh'),
(317, 'Palampur', 'Himachal Pradesh'),
(318, 'Shimla', 'Himachal Pradesh'),
(319, 'Solan', 'Himachal Pradesh'),
(320, 'Sundarnagar', 'Himachal Pradesh'),
(321, 'Anantnag', 'Jammu and Kashmir'),
(322, 'Baramula', 'Jammu and Kashmir'),
(323, 'Jammu', 'Jammu and Kashmir'),
(324, 'KathUrban Agglomeration', 'Jammu and Kashmir'),
(325, 'Punch', 'Jammu and Kashmir'),
(326, 'Rajauri', 'Jammu and Kashmir'),
(327, 'Sopore', 'Jammu and Kashmir'),
(328, 'Srinagar', 'Jammu and Kashmir'),
(329, 'Udhampur', 'Jammu and Kashmir'),
(330, 'Adityapur', 'Jharkhand'),
(331, 'Bokaro Steel City', 'Jharkhand'),
(332, 'Chaibasa', 'Jharkhand'),
(333, 'Chatra', 'Jharkhand'),
(334, 'Chirkunda', 'Jharkhand'),
(335, 'Deoghar', 'Jharkhand'),
(336, 'Dhanbad', 'Jharkhand'),
(337, 'Dumka', 'Jharkhand'),
(338, 'Giridih', 'Jharkhand'),
(339, 'Gumia', 'Jharkhand'),
(340, 'Hazaribag', 'Jharkhand'),
(341, 'Jamshedpur', 'Jharkhand'),
(342, 'Jhumri Tilaiya', 'Jharkhand'),
(343, 'Lohardaga', 'Jharkhand'),
(344, 'Madhupur', 'Jharkhand'),
(345, 'Medininagar (Daltonganj)', 'Jharkhand'),
(346, 'Mihijam', 'Jharkhand'),
(347, 'Musabani', 'Jharkhand'),
(348, 'Pakaur', 'Jharkhand'),
(349, 'Patratu', 'Jharkhand'),
(350, 'Phusro', 'Jharkhand'),
(351, 'Ramgarh', 'Jharkhand'),
(352, 'Ranchi', 'Jharkhand'),
(353, 'Sahibganj', 'Jharkhand'),
(354, 'Saunda', 'Jharkhand'),
(355, 'Simdega', 'Jharkhand'),
(356, 'Tenu dam-cum-Kathhara', 'Jharkhand'),
(357, 'Adyar', 'Karnataka'),
(358, 'Afzalpur', 'Karnataka'),
(359, 'Arsikere', 'Karnataka'),
(360, 'Athni', 'Karnataka'),
(361, 'Ballari', 'Karnataka'),
(362, 'Belagavi', 'Karnataka'),
(363, 'Bengaluru', 'Karnataka'),
(364, 'Chikkamagaluru', 'Karnataka'),
(365, 'Davanagere', 'Karnataka'),
(366, 'Gokak', 'Karnataka'),
(367, 'Hubli-Dharwad', 'Karnataka'),
(368, 'Karwar', 'Karnataka'),
(369, 'Kolar', 'Karnataka'),
(370, 'Lakshmeshwar', 'Karnataka'),
(371, 'Lingsugur', 'Karnataka'),
(372, 'Maddur', 'Karnataka'),
(373, 'Madhugiri', 'Karnataka'),
(374, 'Madikeri', 'Karnataka'),
(375, 'Magadi', 'Karnataka'),
(376, 'Mahalingapura', 'Karnataka'),
(377, 'Malavalli', 'Karnataka'),
(378, 'Malur', 'Karnataka'),
(379, 'Mandya', 'Karnataka'),
(380, 'Mangaluru', 'Karnataka'),
(381, 'Manvi', 'Karnataka'),
(382, 'Mudabidri', 'Karnataka'),
(383, 'Mudalagi', 'Karnataka'),
(384, 'Muddebihal', 'Karnataka'),
(385, 'Mudhol', 'Karnataka'),
(386, 'Mulbagal', 'Karnataka'),
(387, 'Mundargi', 'Karnataka'),
(388, 'Mysore', 'Karnataka'),
(389, 'Nanjangud', 'Karnataka'),
(390, 'Nargund', 'Karnataka'),
(391, 'Navalgund', 'Karnataka'),
(392, 'Nelamangala', 'Karnataka'),
(393, 'Pavagada', 'Karnataka'),
(394, 'Piriyapatna', 'Karnataka'),
(395, 'Puttur', 'Karnataka'),
(396, 'Raayachuru', 'Karnataka'),
(397, 'Rabkavi Banhatti', 'Karnataka'),
(398, 'Ramanagaram', 'Karnataka'),
(399, 'Ramdurg', 'Karnataka'),
(400, 'Ranebennuru', 'Karnataka'),
(401, 'Ranibennur', 'Karnataka'),
(402, 'Robertson Pet', 'Karnataka'),
(403, 'Ron', 'Karnataka'),
(404, 'Sadalagi', 'Karnataka'),
(405, 'Sagara', 'Karnataka'),
(406, 'Sakaleshapura', 'Karnataka'),
(407, 'Sanduru', 'Karnataka'),
(408, 'Sankeshwara', 'Karnataka'),
(409, 'Saundatti-Yellamma', 'Karnataka'),
(410, 'Savanur', 'Karnataka'),
(411, 'Sedam', 'Karnataka'),
(412, 'Shahpur', 'Karnataka'),
(413, 'Shiggaon', 'Karnataka'),
(414, 'Shikaripur', 'Karnataka'),
(415, 'Shivamogga', 'Karnataka'),
(416, 'Shrirangapattana', 'Karnataka'),
(417, 'Sidlaghatta', 'Karnataka'),
(418, 'Sindagi', 'Karnataka'),
(419, 'Sindhagi', 'Karnataka'),
(420, 'Sindhnur', 'Karnataka'),
(421, 'Sira', 'Karnataka'),
(422, 'Sirsi', 'Karnataka'),
(423, 'Siruguppa', 'Karnataka'),
(424, 'Srinivaspur', 'Karnataka'),
(425, 'Surapura', 'Karnataka'),
(426, 'Talikota', 'Karnataka'),
(427, 'Tarikere', 'Karnataka'),
(428, 'Tekkalakote', 'Karnataka'),
(429, 'Terdal', 'Karnataka'),
(430, 'Tiptur', 'Karnataka'),
(431, 'Tumkur', 'Karnataka'),
(432, 'Udupi', 'Karnataka'),
(433, 'Vijayapura', 'Karnataka'),
(434, 'Wadi', 'Karnataka'),
(435, 'Yadgir', 'Karnataka'),
(436, 'Adoor', 'Kerala'),
(437, 'Alappuzha', 'Kerala'),
(438, 'Attingal', 'Kerala'),
(439, 'Chalakudy', 'Kerala'),
(440, 'Changanassery', 'Kerala'),
(441, 'Cherthala', 'Kerala'),
(442, 'Chittur-Thathamangalam', 'Kerala'),
(443, 'Guruvayoor', 'Kerala'),
(444, 'Kanhangad', 'Kerala'),
(445, 'Kannur', 'Kerala'),
(446, 'Kasaragod', 'Kerala'),
(447, 'Kayamkulam', 'Kerala'),
(448, 'Kochi', 'Kerala'),
(449, 'Kodungallur', 'Kerala'),
(450, 'Kollam', 'Kerala'),
(451, 'Kottayam', 'Kerala'),
(452, 'Koyilandy', 'Kerala'),
(453, 'Kozhikode', 'Kerala'),
(454, 'Kunnamkulam', 'Kerala'),
(455, 'Malappuram', 'Kerala'),
(456, 'Mattannur', 'Kerala'),
(457, 'Mavelikkara', 'Kerala'),
(458, 'Mavoor', 'Kerala'),
(459, 'Muvattupuzha', 'Kerala'),
(460, 'Nedumangad', 'Kerala'),
(461, 'Neyyattinkara', 'Kerala'),
(462, 'Nilambur', 'Kerala'),
(463, 'Ottappalam', 'Kerala'),
(464, 'Palai', 'Kerala'),
(465, 'Palakkad', 'Kerala'),
(466, 'Panamattom', 'Kerala'),
(467, 'Panniyannur', 'Kerala'),
(468, 'Pappinisseri', 'Kerala'),
(469, 'Paravoor', 'Kerala'),
(470, 'Pathanamthitta', 'Kerala'),
(471, 'Peringathur', 'Kerala'),
(472, 'Perinthalmanna', 'Kerala'),
(473, 'Perumbavoor', 'Kerala'),
(474, 'Ponnani', 'Kerala'),
(475, 'Punalur', 'Kerala'),
(476, 'Puthuppally', 'Kerala'),
(477, 'Shoranur', 'Kerala'),
(478, 'Taliparamba', 'Kerala'),
(479, 'Thiruvalla', 'Kerala'),
(480, 'Thiruvananthapuram', 'Kerala'),
(481, 'Thodupuzha', 'Kerala'),
(482, 'Thrissur', 'Kerala'),
(483, 'Tirur', 'Kerala'),
(484, 'Vaikom', 'Kerala'),
(485, 'Varkala', 'Kerala'),
(486, 'Vatakara', 'Kerala'),
(487, 'Alirajpur', 'Madhya Pradesh'),
(488, 'Ashok Nagar', 'Madhya Pradesh'),
(489, 'Balaghat', 'Madhya Pradesh'),
(490, 'Bhopal', 'Madhya Pradesh'),
(491, 'Ganjbasoda', 'Madhya Pradesh'),
(492, 'Gwalior', 'Madhya Pradesh'),
(493, 'Indore', 'Madhya Pradesh'),
(494, 'Itarsi', 'Madhya Pradesh'),
(495, 'Jabalpur', 'Madhya Pradesh'),
(496, 'Lahar', 'Madhya Pradesh'),
(497, 'Maharajpur', 'Madhya Pradesh'),
(498, 'Mahidpur', 'Madhya Pradesh'),
(499, 'Maihar', 'Madhya Pradesh'),
(500, 'Malaj Khand', 'Madhya Pradesh'),
(501, 'Manasa', 'Madhya Pradesh'),
(502, 'Manawar', 'Madhya Pradesh'),
(503, 'Mandideep', 'Madhya Pradesh'),
(504, 'Mandla', 'Madhya Pradesh'),
(505, 'Mandsaur', 'Madhya Pradesh'),
(506, 'Mauganj', 'Madhya Pradesh'),
(507, 'Mhow Cantonment', 'Madhya Pradesh'),
(508, 'Mhowgaon', 'Madhya Pradesh'),
(509, 'Morena', 'Madhya Pradesh'),
(510, 'Multai', 'Madhya Pradesh'),
(511, 'Mundi', 'Madhya Pradesh'),
(512, 'Murwara (Katni)', 'Madhya Pradesh'),
(513, 'Nagda', 'Madhya Pradesh'),
(514, 'Nainpur', 'Madhya Pradesh'),
(515, 'Narsinghgarh', 'Madhya Pradesh'),
(516, 'Neemuch', 'Madhya Pradesh'),
(517, 'Nepanagar', 'Madhya Pradesh'),
(518, 'Niwari', 'Madhya Pradesh'),
(519, 'Nowgong', 'Madhya Pradesh'),
(520, 'Nowrozabad (Khodargama)', 'Madhya Pradesh'),
(521, 'Pachore', 'Madhya Pradesh'),
(522, 'Panagar', 'Madhya Pradesh'),
(523, 'Pandhurna', 'Madhya Pradesh'),
(524, 'Panna', 'Madhya Pradesh'),
(525, 'Pasan', 'Madhya Pradesh'),
(526, 'Pipariya', 'Madhya Pradesh'),
(527, 'Pithampur', 'Madhya Pradesh'),
(528, 'Porsa', 'Madhya Pradesh'),
(529, 'Prithvipur', 'Madhya Pradesh'),
(530, 'Raghogarh-Vijaypur', 'Madhya Pradesh'),
(531, 'Rahatgarh', 'Madhya Pradesh'),
(532, 'Raisen', 'Madhya Pradesh'),
(533, 'Rajgarh', 'Madhya Pradesh'),
(534, 'Ratlam', 'Madhya Pradesh'),
(535, 'Rau', 'Madhya Pradesh'),
(536, 'Rehli', 'Madhya Pradesh'),
(537, 'Rewa', 'Madhya Pradesh'),
(538, 'Sabalgarh', 'Madhya Pradesh'),
(539, 'Sagar', 'Madhya Pradesh'),
(540, 'Sanawad', 'Madhya Pradesh'),
(541, 'Sarangpur', 'Madhya Pradesh'),
(542, 'Sarni', 'Madhya Pradesh'),
(543, 'Satna', 'Madhya Pradesh'),
(544, 'Sausar', 'Madhya Pradesh'),
(545, 'Sehore', 'Madhya Pradesh'),
(546, 'Sendhwa', 'Madhya Pradesh'),
(547, 'Seoni', 'Madhya Pradesh'),
(548, 'Seoni-Malwa', 'Madhya Pradesh'),
(549, 'Shahdol', 'Madhya Pradesh'),
(550, 'Shajapur', 'Madhya Pradesh'),
(551, 'Shamgarh', 'Madhya Pradesh'),
(552, 'Sheopur', 'Madhya Pradesh'),
(553, 'Shivpuri', 'Madhya Pradesh'),
(554, 'Shujalpur', 'Madhya Pradesh'),
(555, 'Sidhi', 'Madhya Pradesh'),
(556, 'Sihora', 'Madhya Pradesh'),
(557, 'Singrauli', 'Madhya Pradesh'),
(558, 'Sironj', 'Madhya Pradesh'),
(559, 'Sohagpur', 'Madhya Pradesh'),
(560, 'Tarana', 'Madhya Pradesh'),
(561, 'Tikamgarh', 'Madhya Pradesh'),
(562, 'Ujjain', 'Madhya Pradesh'),
(563, 'Umaria', 'Madhya Pradesh'),
(564, 'Vidisha', 'Madhya Pradesh'),
(565, 'Vijaypur', 'Madhya Pradesh'),
(566, 'Wara Seoni', 'Madhya Pradesh'),
(567, 'Achalpur', 'Maharashtra'),
(568, 'Ahmednagar', 'Maharashtra'),
(569, 'Akola', 'Maharashtra'),
(570, 'Akot', 'Maharashtra'),
(571, 'Amalner', 'Maharashtra'),
(572, 'Ambejogai', 'Maharashtra'),
(573, 'Amravati', 'Maharashtra'),
(574, 'Anjangaon', 'Maharashtra'),
(575, 'Arvi', 'Maharashtra'),
(576, 'Aurangabad', 'Maharashtra'),
(577, 'Bhiwandi', 'Maharashtra'),
(578, 'Dhule', 'Maharashtra'),
(579, 'Ichalkaranji', 'Maharashtra'),
(580, 'Kalyan-Dombivali', 'Maharashtra'),
(581, 'Karjat', 'Maharashtra'),
(582, 'Latur', 'Maharashtra'),
(583, 'Loha', 'Maharashtra'),
(584, 'Lonar', 'Maharashtra'),
(585, 'Lonavla', 'Maharashtra'),
(586, 'Mahad', 'Maharashtra'),
(587, 'Malegaon', 'Maharashtra'),
(588, 'Malkapur', 'Maharashtra'),
(589, 'Mangalvedhe', 'Maharashtra'),
(590, 'Mangrulpir', 'Maharashtra'),
(591, 'Manjlegaon', 'Maharashtra'),
(592, 'Manmad', 'Maharashtra'),
(593, 'Manwath', 'Maharashtra'),
(594, 'Mehkar', 'Maharashtra'),
(595, 'Mhaswad', 'Maharashtra'),
(596, 'Mira-Bhayandar', 'Maharashtra'),
(597, 'Morshi', 'Maharashtra'),
(598, 'Mukhed', 'Maharashtra'),
(599, 'Mul', 'Maharashtra'),
(600, 'Mumbai', 'Maharashtra'),
(601, 'Murtijapur', 'Maharashtra'),
(602, 'Nagpur', 'Maharashtra'),
(603, 'Nanded-Waghala', 'Maharashtra'),
(604, 'Nandgaon', 'Maharashtra'),
(605, 'Nandura', 'Maharashtra'),
(606, 'Nandurbar', 'Maharashtra'),
(607, 'Narkhed', 'Maharashtra'),
(608, 'Nashik', 'Maharashtra'),
(609, 'Nawapur', 'Maharashtra'),
(610, 'Nilanga', 'Maharashtra'),
(611, 'Osmanabad', 'Maharashtra'),
(612, 'Ozar', 'Maharashtra'),
(613, 'Pachora', 'Maharashtra'),
(614, 'Paithan', 'Maharashtra'),
(615, 'Palghar', 'Maharashtra'),
(616, 'Pandharkaoda', 'Maharashtra'),
(617, 'Pandharpur', 'Maharashtra'),
(618, 'Panvel', 'Maharashtra'),
(619, 'Parbhani', 'Maharashtra'),
(620, 'Parli', 'Maharashtra'),
(621, 'Partur', 'Maharashtra'),
(622, 'Pathardi', 'Maharashtra'),
(623, 'Pathri', 'Maharashtra'),
(624, 'Patur', 'Maharashtra'),
(625, 'Pauni', 'Maharashtra'),
(626, 'Pen', 'Maharashtra'),
(627, 'Phaltan', 'Maharashtra'),
(628, 'Pulgaon', 'Maharashtra'),
(629, 'Pune', 'Maharashtra'),
(630, 'Purna', 'Maharashtra'),
(631, 'Pusad', 'Maharashtra'),
(632, 'Rahuri', 'Maharashtra'),
(633, 'Rajura', 'Maharashtra'),
(634, 'Ramtek', 'Maharashtra'),
(635, 'Ratnagiri', 'Maharashtra'),
(636, 'Raver', 'Maharashtra'),
(637, 'Risod', 'Maharashtra'),
(638, 'Sailu', 'Maharashtra'),
(639, 'Sangamner', 'Maharashtra'),
(640, 'Sangli', 'Maharashtra'),
(641, 'Sangole', 'Maharashtra'),
(642, 'Sasvad', 'Maharashtra'),
(643, 'Satana', 'Maharashtra'),
(644, 'Satara', 'Maharashtra'),
(645, 'Savner', 'Maharashtra'),
(646, 'Sawantwadi', 'Maharashtra'),
(647, 'Shahade', 'Maharashtra'),
(648, 'Shegaon', 'Maharashtra'),
(649, 'Shendurjana', 'Maharashtra'),
(650, 'Shirdi', 'Maharashtra'),
(651, 'Shirpur-Warwade', 'Maharashtra'),
(652, 'Shirur', 'Maharashtra'),
(653, 'Shrigonda', 'Maharashtra'),
(654, 'Shrirampur', 'Maharashtra'),
(655, 'Sillod', 'Maharashtra'),
(656, 'Sinnar', 'Maharashtra'),
(657, 'Solapur', 'Maharashtra'),
(658, 'Soyagaon', 'Maharashtra'),
(659, 'Talegaon Dabhade', 'Maharashtra'),
(660, 'Talode', 'Maharashtra'),
(661, 'Tasgaon', 'Maharashtra'),
(662, 'Thane', 'Maharashtra'),
(663, 'Tirora', 'Maharashtra'),
(664, 'Tuljapur', 'Maharashtra'),
(665, 'Tumsar', 'Maharashtra'),
(666, 'Uchgaon', 'Maharashtra'),
(667, 'Udgir', 'Maharashtra'),
(668, 'Umarga', 'Maharashtra'),
(669, 'Umarkhed', 'Maharashtra'),
(670, 'Umred', 'Maharashtra'),
(671, 'Uran', 'Maharashtra'),
(672, 'Uran Islampur', 'Maharashtra'),
(673, 'Vadgaon Kasba', 'Maharashtra'),
(674, 'Vaijapur', 'Maharashtra'),
(675, 'Vasai-Virar', 'Maharashtra'),
(676, 'Vita', 'Maharashtra'),
(677, 'Wadgaon Road', 'Maharashtra'),
(678, 'Wai', 'Maharashtra'),
(679, 'Wani', 'Maharashtra'),
(680, 'Wardha', 'Maharashtra'),
(681, 'Warora', 'Maharashtra'),
(682, 'Warud', 'Maharashtra'),
(683, 'Washim', 'Maharashtra'),
(684, 'Yavatmal', 'Maharashtra'),
(685, 'Yawal', 'Maharashtra'),
(686, 'Yevla', 'Maharashtra'),
(687, 'Imphal', 'Manipur'),
(688, 'Lilong', 'Manipur'),
(689, 'Mayang Imphal', 'Manipur'),
(690, 'Thoubal', 'Manipur'),
(691, 'Nongstoin', 'Meghalaya'),
(692, 'Shillong', 'Meghalaya'),
(693, 'Tura', 'Meghalaya'),
(694, 'Aizawl', 'Mizoram'),
(695, 'Lunglei', 'Mizoram'),
(696, 'Saiha', 'Mizoram'),
(697, 'Dimapur', 'Nagaland'),
(698, 'Kohima', 'Nagaland'),
(699, 'Mokokchung', 'Nagaland'),
(700, 'Tuensang', 'Nagaland'),
(701, 'Wokha', 'Nagaland'),
(702, 'Zunheboto', 'Nagaland'),
(703, 'Balangir', 'Odisha'),
(704, 'Baleshwar Town', 'Odisha'),
(705, 'Barbil', 'Odisha'),
(706, 'Bargarh', 'Odisha'),
(707, 'Baripada Town', 'Odisha'),
(708, 'Bhadrak', 'Odisha'),
(709, 'Bhawanipatna', 'Odisha'),
(710, 'Bhubaneswar', 'Odisha'),
(711, 'Brahmapur', 'Odisha'),
(712, 'Byasanagar', 'Odisha'),
(713, 'Cuttack', 'Odisha'),
(714, 'Dhenkanal', 'Odisha'),
(715, 'Jatani', 'Odisha'),
(716, 'Jharsuguda', 'Odisha'),
(717, 'Kendrapara', 'Odisha'),
(718, 'Kendujhar', 'Odisha'),
(719, 'Malkangiri', 'Odisha'),
(720, 'Nabarangapur', 'Odisha'),
(721, 'Paradip', 'Odisha'),
(722, 'Parlakhemundi', 'Odisha'),
(723, 'Pattamundai', 'Odisha'),
(724, 'Phulabani', 'Odisha'),
(725, 'Puri', 'Odisha'),
(726, 'Rairangpur', 'Odisha'),
(727, 'Rajagangapur', 'Odisha'),
(728, 'Raurkela', 'Odisha'),
(729, 'Rayagada', 'Odisha'),
(730, 'Sambalpur', 'Odisha'),
(731, 'Soro', 'Odisha'),
(732, 'Sunabeda', 'Odisha'),
(733, 'Sundargarh', 'Odisha'),
(734, 'Talcher', 'Odisha'),
(735, 'Tarbha', 'Odisha'),
(736, 'Titlagarh', 'Odisha'),
(737, 'Karaikal', 'Puducherry'),
(738, 'Mahe', 'Puducherry'),
(739, 'Pondicherry', 'Puducherry'),
(740, 'Yanam', 'Puducherry'),
(741, 'Amritsar', 'Punjab'),
(742, 'Barnala', 'Punjab'),
(743, 'Batala', 'Punjab'),
(744, 'Bathinda', 'Punjab'),
(745, 'Dhuri', 'Punjab'),
(746, 'Faridkot', 'Punjab'),
(747, 'Fazilka', 'Punjab'),
(748, 'Firozpur', 'Punjab'),
(749, 'Firozpur Cantt.', 'Punjab'),
(750, 'Gobindgarh', 'Punjab'),
(751, 'Gurdaspur', 'Punjab'),
(752, 'Hoshiarpur', 'Punjab'),
(753, 'Jagraon', 'Punjab'),
(754, 'Jalandhar', 'Punjab'),
(755, 'Jalandhar Cantt.', 'Punjab'),
(756, 'Kapurthala', 'Punjab'),
(757, 'Khanna', 'Punjab'),
(758, 'Kharar', 'Punjab'),
(759, 'Kot Kapura', 'Punjab'),
(760, 'Longowal', 'Punjab'),
(761, 'Ludhiana', 'Punjab'),
(762, 'Malerkotla', 'Punjab'),
(763, 'Malout', 'Punjab'),
(764, 'Mansa', 'Punjab'),
(765, 'Moga', 'Punjab'),
(766, 'Mohali', 'Punjab'),
(767, 'Morinda', 'Punjab'),
(768, 'Mukerian', 'Punjab'),
(769, 'Muktsar', 'Punjab'),
(770, 'Nabha', 'Punjab'),
(771, 'Nakodar', 'Punjab'),
(772, 'Nangal', 'Punjab'),
(773, 'Nawanshahr', 'Punjab'),
(774, 'Pathankot', 'Punjab'),
(775, 'Patiala', 'Punjab'),
(776, 'Patti', 'Punjab'),
(777, 'Pattran', 'Punjab'),
(778, 'Phagwara', 'Punjab'),
(779, 'Phillaur', 'Punjab'),
(780, 'Qadian', 'Punjab'),
(781, 'Raikot', 'Punjab'),
(782, 'Rajpura', 'Punjab'),
(783, 'Rampura Phul', 'Punjab'),
(784, 'Rupnagar', 'Punjab'),
(785, 'Samana', 'Punjab'),
(786, 'Sangrur', 'Punjab'),
(787, 'Sirhind Fatehgarh Sahib', 'Punjab'),
(788, 'Sujanpur', 'Punjab'),
(789, 'Sunam', 'Punjab'),
(790, 'Talwara', 'Punjab'),
(791, 'Tarn Taran', 'Punjab'),
(792, 'Urmar Tanda', 'Punjab'),
(793, 'Zira', 'Punjab'),
(794, 'Zirakpur', 'Punjab'),
(795, 'Ajmer', 'Rajasthan'),
(796, 'Alwar', 'Rajasthan'),
(797, 'Barmer', 'Rajasthan'),
(798, 'Bharatpur', 'Rajasthan'),
(799, 'Bhilwara', 'Rajasthan'),
(800, 'Bikaner', 'Rajasthan'),
(801, 'Jaipur', 'Rajasthan'),
(802, 'Jodhpur', 'Rajasthan'),
(803, 'Kota', 'Rajasthan'),
(804, 'Lachhmangarh', 'Rajasthan'),
(805, 'Ladnu', 'Rajasthan'),
(806, 'Lakheri', 'Rajasthan'),
(807, 'Lalsot', 'Rajasthan'),
(808, 'Losal', 'Rajasthan'),
(809, 'Makrana', 'Rajasthan'),
(810, 'Malpura', 'Rajasthan'),
(811, 'Mandalgarh', 'Rajasthan'),
(812, 'Mandawa', 'Rajasthan'),
(813, 'Merta City', 'Rajasthan'),
(814, 'Mount Abu', 'Rajasthan'),
(815, 'Nadbai', 'Rajasthan'),
(816, 'Nagar', 'Rajasthan'),
(817, 'Nagaur', 'Rajasthan'),
(818, 'Nasirabad', 'Rajasthan'),
(819, 'Nathdwara', 'Rajasthan'),
(820, 'Neem-Ka-Thana', 'Rajasthan'),
(821, 'Nimbahera', 'Rajasthan'),
(822, 'Nohar', 'Rajasthan'),
(823, 'Nokha', 'Rajasthan'),
(824, 'Pali', 'Rajasthan'),
(825, 'Phalodi', 'Rajasthan'),
(826, 'Phulera', 'Rajasthan'),
(827, 'Pilani', 'Rajasthan'),
(828, 'Pilibanga', 'Rajasthan'),
(829, 'Pindwara', 'Rajasthan'),
(830, 'Pipar City', 'Rajasthan'),
(831, 'Prantij', 'Rajasthan'),
(832, 'Pratapgarh', 'Rajasthan'),
(833, 'Raisinghnagar', 'Rajasthan'),
(834, 'Rajakhera', 'Rajasthan'),
(835, 'Rajaldesar', 'Rajasthan'),
(836, 'Rajgarh (Alwar)', 'Rajasthan'),
(837, 'Rajgarh (Churu)', 'Rajasthan'),
(838, 'Rajsamand', 'Rajasthan'),
(839, 'Ramganj Mandi', 'Rajasthan'),
(840, 'Ramngarh', 'Rajasthan'),
(841, 'Ratangarh', 'Rajasthan'),
(842, 'Rawatbhata', 'Rajasthan'),
(843, 'Rawatsar', 'Rajasthan'),
(844, 'Reengus', 'Rajasthan'),
(845, 'Sadri', 'Rajasthan'),
(846, 'Sadulpur', 'Rajasthan'),
(847, 'Sadulshahar', 'Rajasthan'),
(848, 'Sagwara', 'Rajasthan'),
(849, 'Sambhar', 'Rajasthan'),
(850, 'Sanchore', 'Rajasthan'),
(851, 'Sangaria', 'Rajasthan'),
(852, 'Sardarshahar', 'Rajasthan'),
(853, 'Sawai Madhopur', 'Rajasthan'),
(854, 'Shahpura', 'Rajasthan'),
(855, 'Sheoganj', 'Rajasthan'),
(856, 'Sikar', 'Rajasthan'),
(857, 'Sirohi', 'Rajasthan'),
(858, 'Sojat', 'Rajasthan'),
(859, 'Sri Madhopur', 'Rajasthan'),
(860, 'Sujangarh', 'Rajasthan'),
(861, 'Sumerpur', 'Rajasthan'),
(862, 'Suratgarh', 'Rajasthan'),
(863, 'Takhatgarh', 'Rajasthan'),
(864, 'Taranagar', 'Rajasthan'),
(865, 'Todabhim', 'Rajasthan'),
(866, 'Todaraisingh', 'Rajasthan'),
(867, 'Tonk', 'Rajasthan'),
(868, 'Udaipur', 'Rajasthan'),
(869, 'Udaipurwati', 'Rajasthan'),
(870, 'Vijainagar', 'Rajasthan'),
(871, 'Arakkonam', 'Tamil Nadu'),
(872, 'Aruppukkottai', 'Tamil Nadu'),
(873, 'Chennai', 'Tamil Nadu'),
(874, 'Coimbatore', 'Tamil Nadu'),
(875, 'Erode', 'Tamil Nadu'),
(876, 'Gobichettipalayam', 'Tamil Nadu'),
(877, 'Kancheepuram', 'Tamil Nadu'),
(878, 'Karur', 'Tamil Nadu'),
(879, 'Lalgudi', 'Tamil Nadu'),
(880, 'Madurai', 'Tamil Nadu'),
(881, 'Manachanallur', 'Tamil Nadu'),
(882, 'Nagapattinam', 'Tamil Nadu'),
(883, 'Nagercoil', 'Tamil Nadu'),
(884, 'Namagiripettai', 'Tamil Nadu'),
(885, 'Namakkal', 'Tamil Nadu'),
(886, 'Nandivaram-Guduvancheri', 'Tamil Nadu'),
(887, 'Nanjikottai', 'Tamil Nadu'),
(888, 'Natham', 'Tamil Nadu'),
(889, 'Nellikuppam', 'Tamil Nadu'),
(890, 'Neyveli (TS)', 'Tamil Nadu'),
(892, 'Oddanchatram', 'Tamil Nadu'),
(893, 'P.N.Patti', 'Tamil Nadu'),
(894, 'Pacode', 'Tamil Nadu'),
(895, 'Padmanabhapuram', 'Tamil Nadu'),
(896, 'Palani', 'Tamil Nadu'),
(897, 'Palladam', 'Tamil Nadu'),
(898, 'Pallapatti', 'Tamil Nadu'),
(899, 'Pallikonda', 'Tamil Nadu'),
(900, 'Panagudi', 'Tamil Nadu'),
(901, 'Panruti', 'Tamil Nadu'),
(902, 'Paramakudi', 'Tamil Nadu'),
(903, 'Parangipettai', 'Tamil Nadu'),
(904, 'Pattukkottai', 'Tamil Nadu'),
(905, 'Perambalur', 'Tamil Nadu'),
(906, 'Peravurani', 'Tamil Nadu'),
(907, 'Periyakulam', 'Tamil Nadu'),
(908, 'Periyasemur', 'Tamil Nadu'),
(909, 'Pernampattu', 'Tamil Nadu'),
(910, 'Pollachi', 'Tamil Nadu'),
(911, 'Polur', 'Tamil Nadu'),
(912, 'Ponneri', 'Tamil Nadu'),
(913, 'Pudukkottai', 'Tamil Nadu'),
(914, 'Pudupattinam', 'Tamil Nadu'),
(915, 'Puliyankudi', 'Tamil Nadu'),
(916, 'Punjaipugalur', 'Tamil Nadu'),
(917, 'Rajapalayam', 'Tamil Nadu'),
(918, 'Ramanathapuram', 'Tamil Nadu'),
(919, 'Rameshwaram', 'Tamil Nadu'),
(920, 'Ranipet', 'Tamil Nadu'),
(921, 'Rasipuram', 'Tamil Nadu'),
(922, 'Salem', 'Tamil Nadu'),
(923, 'Sankarankovil', 'Tamil Nadu'),
(924, 'Sankari', 'Tamil Nadu'),
(925, 'Sathyamangalam', 'Tamil Nadu'),
(926, 'Sattur', 'Tamil Nadu'),
(927, 'Shenkottai', 'Tamil Nadu'),
(928, 'Sholavandan', 'Tamil Nadu'),
(929, 'Sholingur', 'Tamil Nadu'),
(930, 'Sirkali', 'Tamil Nadu'),
(931, 'Sivaganga', 'Tamil Nadu'),
(932, 'Sivagiri', 'Tamil Nadu'),
(933, 'Sivakasi', 'Tamil Nadu'),
(934, 'Srivilliputhur', 'Tamil Nadu'),
(935, 'Surandai', 'Tamil Nadu'),
(936, 'Suriyampalayam', 'Tamil Nadu'),
(937, 'Tenkasi', 'Tamil Nadu'),
(938, 'Thammampatti', 'Tamil Nadu'),
(939, 'Thanjavur', 'Tamil Nadu'),
(940, 'Tharamangalam', 'Tamil Nadu'),
(941, 'Tharangambadi', 'Tamil Nadu'),
(942, 'Theni Allinagaram', 'Tamil Nadu'),
(943, 'Thirumangalam', 'Tamil Nadu'),
(944, 'Thirupuvanam', 'Tamil Nadu'),
(945, 'Thiruthuraipoondi', 'Tamil Nadu'),
(946, 'Thiruvallur', 'Tamil Nadu'),
(947, 'Thiruvarur', 'Tamil Nadu'),
(948, 'Thuraiyur', 'Tamil Nadu'),
(949, 'Tindivanam', 'Tamil Nadu'),
(950, 'Tiruchendur', 'Tamil Nadu'),
(951, 'Tiruchengode', 'Tamil Nadu'),
(952, 'Tiruchirappalli', 'Tamil Nadu'),
(953, 'Tirukalukundram', 'Tamil Nadu'),
(954, 'Tirukkoyilur', 'Tamil Nadu'),
(955, 'Tirunelveli', 'Tamil Nadu'),
(956, 'Tirupathur', 'Tamil Nadu'),
(957, 'Tiruppur', 'Tamil Nadu'),
(958, 'Tiruttani', 'Tamil Nadu'),
(959, 'Tiruvannamalai', 'Tamil Nadu'),
(960, 'Tiruvethipuram', 'Tamil Nadu'),
(961, 'Tittakudi', 'Tamil Nadu'),
(962, 'Udhagamandalam', 'Tamil Nadu'),
(963, 'Udumalaipettai', 'Tamil Nadu'),
(964, 'Unnamalaikadai', 'Tamil Nadu'),
(965, 'Usilampatti', 'Tamil Nadu'),
(966, 'Uthamapalayam', 'Tamil Nadu'),
(967, 'Uthiramerur', 'Tamil Nadu'),
(968, 'Vadakkuvalliyur', 'Tamil Nadu'),
(969, 'Vadalur', 'Tamil Nadu'),
(970, 'Vadipatti', 'Tamil Nadu'),
(971, 'Valparai', 'Tamil Nadu'),
(972, 'Vandavasi', 'Tamil Nadu'),
(973, 'Vaniyambadi', 'Tamil Nadu'),
(974, 'Vedaranyam', 'Tamil Nadu'),
(975, 'Vellakoil', 'Tamil Nadu'),
(976, 'Vellore', 'Tamil Nadu'),
(977, 'Vikramasingapuram', 'Tamil Nadu'),
(978, 'Viluppuram', 'Tamil Nadu'),
(979, 'Virudhachalam', 'Tamil Nadu'),
(980, 'Virudhunagar', 'Tamil Nadu'),
(981, 'Viswanatham', 'Tamil Nadu'),
(982, 'Adilabad', 'Telangana'),
(983, 'Bellampalle', 'Telangana'),
(984, 'Bhadrachalam', 'Telangana'),
(985, 'Bhainsa', 'Telangana'),
(986, 'Bhongir', 'Telangana'),
(987, 'Bodhan', 'Telangana'),
(988, 'Farooqnagar', 'Telangana'),
(989, 'Gadwal', 'Telangana'),
(990, 'Hyderabad', 'Telangana'),
(991, 'Jagtial', 'Telangana'),
(992, 'Jangaon', 'Telangana'),
(993, 'Kagaznagar', 'Telangana'),
(994, 'Kamareddy', 'Telangana'),
(995, 'Karimnagar', 'Telangana'),
(996, 'Khammam', 'Telangana'),
(997, 'Koratla', 'Telangana'),
(998, 'Kothagudem', 'Telangana'),
(999, 'Kyathampalle', 'Telangana'),
(1000, 'Mahbubnagar', 'Telangana'),
(1001, 'Mancherial', 'Telangana'),
(1002, 'Mandamarri', 'Telangana'),
(1003, 'Manuguru', 'Telangana'),
(1004, 'Medak', 'Telangana'),
(1005, 'Miryalaguda', 'Telangana'),
(1006, 'Nagarkurnool', 'Telangana'),
(1007, 'Narayanpet', 'Telangana'),
(1008, 'Nirmal', 'Telangana'),
(1009, 'Nizamabad', 'Telangana'),
(1010, 'Palwancha', 'Telangana'),
(1011, 'Ramagundam', 'Telangana'),
(1012, 'Sadasivpet', 'Telangana'),
(1013, 'Sangareddy', 'Telangana'),
(1014, 'Siddipet', 'Telangana'),
(1015, 'Sircilla', 'Telangana'),
(1016, 'Suryapet', 'Telangana'),
(1017, 'Tandur', 'Telangana'),
(1018, 'Vikarabad', 'Telangana'),
(1019, 'Wanaparthy', 'Telangana'),
(1020, 'Warangal', 'Telangana'),
(1021, 'Yellandu', 'Telangana'),
(1022, 'Agartala', 'Tripura'),
(1023, 'Belonia', 'Tripura'),
(1024, 'Dharmanagar', 'Tripura'),
(1025, 'Kailasahar', 'Tripura'),
(1026, 'Khowai', 'Tripura'),
(1027, 'Achhnera', 'Uttar Pradesh'),
(1028, 'Agra', 'Uttar Pradesh'),
(1029, 'Aligarh', 'Uttar Pradesh'),
(1030, 'Allahabad', 'Uttar Pradesh'),
(1031, 'Amroha', 'Uttar Pradesh'),
(1032, 'Azamgarh', 'Uttar Pradesh'),
(1033, 'Bahraich', 'Uttar Pradesh'),
(1034, 'Chandausi', 'Uttar Pradesh'),
(1035, 'Etawah', 'Uttar Pradesh'),
(1036, 'Fatehpur Sikri', 'Uttar Pradesh'),
(1037, 'Firozabad', 'Uttar Pradesh'),
(1038, 'Hapur', 'Uttar Pradesh'),
(1039, 'Hardoi ', 'Uttar Pradesh'),
(1040, 'Jhansi', 'Uttar Pradesh'),
(1041, 'Kalpi', 'Uttar Pradesh'),
(1042, 'Kanpur', 'Uttar Pradesh'),
(1043, 'Khair', 'Uttar Pradesh'),
(1044, 'Laharpur', 'Uttar Pradesh'),
(1045, 'Lakhimpur', 'Uttar Pradesh'),
(1046, 'Lal Gopalganj Nindaura', 'Uttar Pradesh'),
(1047, 'Lalitpur', 'Uttar Pradesh'),
(1048, 'Lar', 'Uttar Pradesh'),
(1049, 'Loni', 'Uttar Pradesh'),
(1050, 'Lucknow', 'Uttar Pradesh'),
(1051, 'Mathura', 'Uttar Pradesh'),
(1052, 'Meerut', 'Uttar Pradesh'),
(1053, 'Mirzapur', 'Uttar Pradesh'),
(1054, 'Modinagar', 'Uttar Pradesh'),
(1055, 'Moradabad', 'Uttar Pradesh'),
(1056, 'Nagina', 'Uttar Pradesh'),
(1057, 'Najibabad', 'Uttar Pradesh'),
(1058, 'Nakur', 'Uttar Pradesh'),
(1059, 'Nanpara', 'Uttar Pradesh'),
(1060, 'Naraura', 'Uttar Pradesh'),
(1061, 'Naugawan Sadat', 'Uttar Pradesh'),
(1062, 'Nautanwa', 'Uttar Pradesh'),
(1063, 'Nawabganj', 'Uttar Pradesh'),
(1064, 'Nehtaur', 'Uttar Pradesh'),
(1065, 'Niwai', 'Uttar Pradesh'),
(1066, 'Noida', 'Uttar Pradesh'),
(1067, 'Noorpur', 'Uttar Pradesh'),
(1068, 'Obra', 'Uttar Pradesh'),
(1069, 'Orai', 'Uttar Pradesh'),
(1070, 'Padrauna', 'Uttar Pradesh'),
(1071, 'Palia Kalan', 'Uttar Pradesh'),
(1072, 'Parasi', 'Uttar Pradesh'),
(1073, 'Phulpur', 'Uttar Pradesh'),
(1074, 'Pihani', 'Uttar Pradesh'),
(1075, 'Pilibhit', 'Uttar Pradesh'),
(1076, 'Pilkhuwa', 'Uttar Pradesh'),
(1077, 'Powayan', 'Uttar Pradesh'),
(1078, 'Pukhrayan', 'Uttar Pradesh'),
(1079, 'Puranpur', 'Uttar Pradesh'),
(1080, 'PurqUrban Agglomerationzi', 'Uttar Pradesh'),
(1081, 'Purwa', 'Uttar Pradesh'),
(1082, 'Rae Bareli', 'Uttar Pradesh'),
(1083, 'Rampur', 'Uttar Pradesh'),
(1084, 'Rampur Maniharan', 'Uttar Pradesh'),
(1085, 'Rasra', 'Uttar Pradesh'),
(1086, 'Rath', 'Uttar Pradesh'),
(1087, 'Renukoot', 'Uttar Pradesh'),
(1088, 'Reoti', 'Uttar Pradesh'),
(1089, 'Robertsganj', 'Uttar Pradesh'),
(1090, 'Rudauli', 'Uttar Pradesh'),
(1091, 'Sadabad', 'Uttar Pradesh'),
(1092, 'Safipur', 'Uttar Pradesh'),
(1093, 'Saharanpur', 'Uttar Pradesh'),
(1094, 'Sahaspur', 'Uttar Pradesh'),
(1095, 'Sahaswan', 'Uttar Pradesh'),
(1096, 'Sahawar', 'Uttar Pradesh'),
(1097, 'Sahjanwa', 'Uttar Pradesh'),
(1098, 'Saidpur', 'Uttar Pradesh'),
(1099, 'Sambhal', 'Uttar Pradesh'),
(1100, 'Samdhan', 'Uttar Pradesh'),
(1101, 'Samthar', 'Uttar Pradesh'),
(1102, 'Sandi', 'Uttar Pradesh'),
(1103, 'Sandila', 'Uttar Pradesh'),
(1104, 'Sardhana', 'Uttar Pradesh'),
(1105, 'Seohara', 'Uttar Pradesh'),
(1106, 'Shahabad', 'Uttar Pradesh'),
(1107, 'Shahganj', 'Uttar Pradesh'),
(1108, 'Shahjahanpur', 'Uttar Pradesh'),
(1109, 'Shamli', 'Uttar Pradesh'),
(1110, 'Shamsabad', 'Uttar Pradesh'),
(1111, 'Sherkot', 'Uttar Pradesh'),
(1112, 'Shikarpur', 'Uttar Pradesh'),
(1113, 'Shikohabad', 'Uttar Pradesh'),
(1114, 'Shishgarh', 'Uttar Pradesh'),
(1115, 'Siana', 'Uttar Pradesh'),
(1116, 'Sikanderpur', 'Uttar Pradesh'),
(1117, 'Sikandra Rao', 'Uttar Pradesh'),
(1118, 'Sikandrabad', 'Uttar Pradesh'),
(1119, 'Sirsaganj', 'Uttar Pradesh'),
(1120, 'Sitapur', 'Uttar Pradesh'),
(1121, 'Soron', 'Uttar Pradesh'),
(1122, 'Sultanpur', 'Uttar Pradesh'),
(1123, 'SUrban Agglomerationr', 'Uttar Pradesh'),
(1124, 'Tanda', 'Uttar Pradesh'),
(1125, 'Thakurdwara', 'Uttar Pradesh'),
(1126, 'Thana Bhawan', 'Uttar Pradesh'),
(1127, 'Tilhar', 'Uttar Pradesh'),
(1128, 'Tirwaganj', 'Uttar Pradesh'),
(1129, 'Tulsipur', 'Uttar Pradesh'),
(1130, 'Tundla', 'Uttar Pradesh'),
(1131, 'Ujhani', 'Uttar Pradesh'),
(1132, 'Unnao', 'Uttar Pradesh'),
(1133, 'Utraula', 'Uttar Pradesh'),
(1134, 'Varanasi', 'Uttar Pradesh'),
(1135, 'Vrindavan', 'Uttar Pradesh'),
(1136, 'Warhapur', 'Uttar Pradesh'),
(1137, 'Zaidpur', 'Uttar Pradesh'),
(1138, 'Zamania', 'Uttar Pradesh'),
(1139, 'Bageshwar', 'Uttarakhand'),
(1140, 'Dehradun', 'Uttarakhand'),
(1141, 'Haldwani-cum-Kathgodam', 'Uttarakhand'),
(1142, 'Hardwar', 'Uttarakhand'),
(1143, 'Kashipur', 'Uttarakhand'),
(1144, 'Manglaur', 'Uttarakhand'),
(1145, 'Mussoorie', 'Uttarakhand'),
(1146, 'Nagla', 'Uttarakhand'),
(1147, 'Nainital', 'Uttarakhand'),
(1148, 'Pauri', 'Uttarakhand'),
(1149, 'Pithoragarh', 'Uttarakhand'),
(1150, 'Ramnagar', 'Uttarakhand'),
(1151, 'Rishikesh', 'Uttarakhand'),
(1152, 'Roorkee', 'Uttarakhand'),
(1153, 'Rudrapur', 'Uttarakhand'),
(1154, 'Sitarganj', 'Uttarakhand'),
(1155, 'Tehri', 'Uttarakhand'),
(1156, 'Adra', 'West Bengal'),
(1157, 'AlipurdUrban Agglomerationr', 'West Bengal'),
(1158, 'Arambagh', 'West Bengal'),
(1159, 'Asansol', 'West Bengal'),
(1160, 'Baharampur', 'West Bengal'),
(1161, 'Balurghat', 'West Bengal'),
(1162, 'Bankura', 'West Bengal'),
(1163, 'Darjiling', 'West Bengal'),
(1164, 'English Bazar', 'West Bengal'),
(1165, 'Gangarampur', 'West Bengal'),
(1166, 'Habra', 'West Bengal'),
(1167, 'Hugli-Chinsurah', 'West Bengal'),
(1168, 'Jalpaiguri', 'West Bengal'),
(1169, 'Jhargram', 'West Bengal'),
(1170, 'Kalimpong', 'West Bengal'),
(1171, 'Kharagpur', 'West Bengal'),
(1172, 'Kolkata', 'West Bengal'),
(1173, 'Mainaguri', 'West Bengal'),
(1174, 'Malda', 'West Bengal'),
(1175, 'Mathabhanga', 'West Bengal'),
(1176, 'Medinipur', 'West Bengal'),
(1177, 'Memari', 'West Bengal'),
(1178, 'Monoharpur', 'West Bengal'),
(1179, 'Murshidabad', 'West Bengal'),
(1180, 'Nabadwip', 'West Bengal'),
(1181, 'Naihati', 'West Bengal'),
(1182, 'Panchla', 'West Bengal'),
(1183, 'PandUrban Agglomeration', 'West Bengal'),
(1184, 'Paschim Punropara', 'West Bengal'),
(1185, 'Purulia', 'West Bengal'),
(1186, 'Raghunathganj', 'West Bengal'),
(1187, 'Raghunathpur', 'West Bengal'),
(1188, 'Raiganj', 'West Bengal'),
(1189, 'Rampurhat', 'West Bengal'),
(1190, 'Ranaghat', 'West Bengal'),
(1191, 'Sainthia', 'West Bengal'),
(1192, 'Santipur', 'West Bengal'),
(1193, 'Siliguri', 'West Bengal'),
(1194, 'Sonamukhi', 'West Bengal'),
(1195, 'Srirampore', 'West Bengal'),
(1196, 'Suri', 'West Bengal'),
(1197, 'Taki', 'West Bengal'),
(1198, 'Tamluk', 'West Bengal'),
(1199, 'Tarakeswar', 'West Bengal'),
(1200, 'Mettur', 'Tamil Nadu'),
(1201, 'Kolhapur', 'Maharashtra'),
(1202, 'Kalamboli', 'Maharashtra'),
(1203, 'Kangeyam', 'Tamil Nadu'),
(1204, 'Dindigul', 'Tamil Nadu'),
(1205, 'test', 'Assam'),
(1206, 'test123', 'Assam'),
(1207, 'Ambur', 'Tamil Nadu'),
(1208, 'Krishnagiri', 'Tamil Nadu'),
(1209, 'Tuticorin', 'Tamil Nadu'),
(1210, 'Tarapur', 'Maharashtra'),
(1211, 'Dalmiapuram', 'Tamil Nadu'),
(1212, 'Vepadai', 'Tamil Nadu'),
(1213, 'Perundurai', 'Tamil Nadu');

-- --------------------------------------------------------

--
-- Table structure for table `lorry_details`
--

CREATE TABLE `lorry_details` (
  `id` int(11) NOT NULL,
  `load_date` varchar(100) DEFAULT NULL,
  `lorry_no` varchar(100) DEFAULT NULL,
  `office_no` varchar(100) DEFAULT NULL,
  `from` varchar(100) DEFAULT NULL,
  `to` varchar(100) DEFAULT NULL,
  `load_type` varchar(100) DEFAULT NULL,
  `weight` varchar(100) DEFAULT NULL,
  `freight` varchar(100) DEFAULT NULL,
  `advance_amt` varchar(100) DEFAULT NULL,
  `advance_paid` varchar(100) DEFAULT NULL,
  `advance_date` varchar(100) DEFAULT NULL,
  `commission` varchar(100) DEFAULT NULL,
  `loading_charge` varchar(100) DEFAULT NULL,
  `mamul` varchar(100) DEFAULT NULL,
  `delivery_date` varchar(100) DEFAULT NULL,
  `payment_amt` varchar(100) DEFAULT NULL,
  `payment_date` varchar(100) DEFAULT NULL,
  `account_name` varchar(100) DEFAULT NULL,
  `remarks` varchar(500) DEFAULT NULL,
  `other_amt` varchar(100) DEFAULT NULL,
  `account_name_ad` varchar(100) DEFAULT NULL
) ENGINE=InnoDB DEFAULT CHARSET=utf8mb4;

--
-- Dumping data for table `lorry_details`
--

INSERT INTO `lorry_details` (`id`, `load_date`, `lorry_no`, `office_no`, `from`, `to`, `load_type`, `weight`, `freight`, `advance_amt`, `advance_paid`, `advance_date`, `commission`, `loading_charge`, `mamul`, `delivery_date`, `payment_amt`, `payment_date`, `account_name`, `remarks`, `other_amt`, `account_name_ad`) VALUES
(4, '1692489600', '3', '3', 'Dindigul', 'Kottayam', 'Bran', '35.34', '38870', '9000', '9000', '1692489600', '0', '0', '0', '1692662400', '29870', '1692662400', 'Manimaran', '', NULL, NULL),
(5, '1692316800', '4', '3', 'Pottaneri, salem', 'Faridabad', 'Steel', '35.41', '139800', '129600', '127000', '1692403200', '1300', '1200', '100', '1692576000', '8900', '1694390400', 'Manimaran', 'Local driver, tea, mamul', NULL, NULL),
(8, '1692662400', '7', '3', 'Perunthurai ', 'Mumbai', 'POWDER', '22.5', '55000', '42000', '42000', '1692662400', '', '', '', '1692835200', '11900', '1692921600', 'Selvam', '', NULL, NULL),
(9, '1692662400', '5', '3', 'Kangeyam ', 'Mumbai', 'JUICE', '21', '58000', '53000', '53000', '1692662400', '', '', '', '1692835200', '5000', '1694044800', 'Selvam', '', NULL, NULL),
(10, '1692662400', '3', '3', 'Peumbavur', 'Indore', 'Plywood ', '30', '110000', '0', '0', '1693440000', '0', '0', '0', '1693267200', '111000', '1693267200', 'Manimaran', '', NULL, NULL),
(11, '1692835200', '8', '3', 'Erode', 'Sangli ', 'Cow', '10', '43000', '0', '0', '1692835200', '0', '0', '0', '1692921600', '43000', '1692921600', 'Driver', '', NULL, NULL),
(12, '1692835200', '6', '3', 'Erode', 'Sangli ', 'Cow', '10', '43000', '0', '0', '1692835200', '0', '0', '0', '1692921600', '43000', '1692921600', 'Driver', '', NULL, NULL),
(13, '1692835200', '11', '3', 'Mumbai', 'Karur ', 'Plastic thana', '30', '99000', '95000', '91460', '1692921600', '2970', '0', '570', '1693180800', '4000', '1693872000', 'Selvam', '', NULL, NULL),
(14, '1692835200', '10', '3', 'mumbai', 'madurai', 'dhal', '30', '120000', '0', '0', '1692835200', '0', '0', '0', '1693008000', '120000', '1693180800', 'Selvam', '', NULL, NULL),
(15, '1692835200', '7', '3', 'mumbai', 'Karur', 'Bhel', '20', '85000', '79000', '74220', '1692921600', '2550', '1800', '430', '1693180800', '6000', '1693526400', 'Selvam', '', NULL, NULL),
(16, '1692921600', '9', '3', 'Vaapi', 'Karur', 'Parcel', '30', '142500', '132500', '118588', '1693094400', '3562', '0', '350', '1693785600', '10000', '1694390400', 'Selvam', '', '', ''),
(17, '1692921600', '5', '3', 'mumbai', 'Udumalai petai', 'Bhel', '20', '85000', '79000', '74220', '1693008000', '2550', '1800', '430', '1693267200', '6000', '1693612800', 'Selvam', '', NULL, NULL),
(18, '1692921600', '4', '3', 'Beawar', 'Morbi', 'Powder', '34.16', '40920', '0', '0', '1692921600', '0', '0', '0', '1693180800', '40920', '1693180800', 'Manimaran', '', NULL, NULL),
(19, '1693008000', '12', '10', 'Karur', 'Chennai', 'Mosquito net', '13', '17000', '14500', '14500', '1693180800', '0', '0', '0', '1693180800', '1800', '1694563200', 'Manimaran', '', '700', ''),
(20, '1693008000', '11', '3', 'Karur', 'Chennai', 'Mosquito net', '15', '16000', '13500', '13500', '1693180800', '0', '0', '0', '1693267200', '1800', '1694563200', 'Manimaran', '', '700', ''),
(21, '1693008000', '8', '3', 'Karad', 'Coimbatore', 'Sugar', '25', '63750', '58750', '54000', '1693267200', '1200', '3500', '50', '1693699200', '4900', '1694822400', 'Selvam', 'Received sent through scn lorry', '100', 'SELVAM '),
(22, '1693008000', '6', '3', 'Karad', 'Rasipuram', 'Sugar', '25', '55000', '0', '0', '1693180800', '0', '0', '0', '1693267200', '55000', '1693267200', 'Manimaran', '', NULL, NULL),
(23, '1693094400', '10', '3', 'Madurai', 'Alangulam', 'Rice', '32', '19200', '0', '0', '1693180800', '0', '0', '0', '1693180800', '19700', '1693180800', 'Selvam', '', NULL, NULL),
(24, '1693094400', '7', '3', 'Perunthurai ', 'Wasai', 'Pipe', '25', '67500', '53000', '53000', '1693180800', '0', '0', '0', '1693267200', '14150', '1693958400', 'Selvam', '', NULL, NULL),
(25, '1693180800', '5', '3', 'Perunthurai ', 'Kalamboli', 'Pipe', '25', '60000', '55000', '55000', '1693267200', '0', '0', '0', '1693958400', '4750', '1694563200', 'Selvam', '', '250', ''),
(26, '1693180800', '8', '3', 'Coimbatore', 'Kunnathur', 'waste', '10', '5500', '0', '0', '1693267200', '0', '0', '0', '1693267200', '5500', '1693267200', 'Driver', '', NULL, NULL),
(27, '1693267200', '12', '3', 'Chennai', 'Katni', 'dhal', '30', '99000', '0', '0', '1693612800', '1000', '1700', '700', '1693612800', '95650', '1693612800', 'Selvam', '', NULL, NULL),
(28, '1693267200', '11', '3', 'Chennai', 'Katni', 'dhal', '30', '99000', '0', '0', '1693612800', '1000', '1700', '0', '1693526400', '96310', '1693612800', 'Selvam', '', '', ''),
(29, '1693353600', '10', '3', 'Tuticorin', 'Pune', 'POWDER', '25.5', '70000', '65000', '63220', '1693526400', '1780', '0', '0', '1693699200', '4900', '1694131200', 'Selvam', '', NULL, NULL),
(30, '1693353600', '3', '18', 'Indore, Madhya Pradesh', 'Jigani', 'Coil', '35', '119000', '109000', '109000', '1693612800', '1800', '2450', '150', '1694390400', '', '', '', 'C31919179', '', ''),
(31, '1693353600', '7', '5', 'Vapi', 'Puliyampati ', 'Bhel', '25', '106000', '101000', '97450', '1693440000', '2650', '800', '100', '1693872000', '5900', '1694390400', 'Selvam', '', '', ''),
(32, '1693440000', '6', '3', 'Erode', 'Sangli ', 'Cow', '10', '43000', '0', '0', '1693526400', '0', '0', '0', '1693526400', '43000', '1693526400', 'Driver', '', NULL, NULL),
(33, '1693440000', '8', '3', 'Erode', 'Sangli ', 'Cow', '10', '43000', '0', '0', '1693440000', '0', '0', '0', '1693526400', '43000', '1693526400', 'Driver', '', NULL, NULL),
(34, '1693440000', '5', '3', 'Mumbai', 'Udumalai ', 'Bhel', '20', '85000', '79000', '74220', '1693440000', '2550', '1800', '430', '1693526400', '6000', '1693958400', 'Selvam', '', NULL, NULL),
(35, '1693526400', '8', '3', 'kolapur', 'Coimbatore', 'wheat', '25', '56250', '0', '0', '1693526400', '', '2350', '0', '1693699200', '53900', '1693872000', 'Vinoth kumar', '', NULL, NULL),
(36, '1693526400', '6', '3', 'kolapur', 'Coimbatore', 'wheat', '25', '56250', '0', '0', '1693526400', '0', '1320', '0', '1693785600', '54930', '1694044800', 'Manimaran', '', NULL, NULL),
(37, '1693526400', '9', '10', 'Karur', 'Chennai', 'Mosquito net', '17', '16000', '13500', '13500', '1693612800', '0', '0', '0', '', '1800', '', 'Manimaran', '', '700', 'SELVAM'),
(38, '1693612800', '5', '3', 'kangeyam', 'Mumbai', 'juice', '21', '58000', '53000', '53000', '1693699200', '0', '0', '0', '1695600000', '5000', '1695772800', 'Selvam', '', '0', ''),
(39, '1693699200', '7', '19', 'Erode', 'Bhiwandi', 'Paper', '21', '48000', '43000', '43000', '1693785600', '0', '0', '0', '1694563200', '7750', '1695686400', 'Selvam', 'coolie 2750', '2750', ''),
(40, '1693785600', '8', '3', 'Pollachi', 'Gopi', 'Electric poll', '30', '11600', '0', '0', '1693872000', '500', '500', '0', '1693872000', '10600', '1694044800', 'Manimaran', '', NULL, NULL),
(41, '1693785600', '6', '3', 'Pollachi', 'Gopi', 'Electric poll', '29', '11600', '0', '0', '1694044800', '500', '500', '0', '1693872000', '10600', '1694044800', 'Manimaran', '', NULL, NULL),
(42, '1693785600', '8', '3', 'kangeyam', 'Mumbai', 'juice', '25', '58000', '53000', '53000', '1693785600', '0', '0', '0', '', '5000', '', 'Selvam', '', '0', ''),
(43, '1693699200', '10', '3', 'mumbai', 'madurai', 'dhal', '30', '121000', '0', '0', '', '0', '0', '0', '1693785600', '121000', '1694044800', 'Selvam', '', NULL, NULL),
(44, '1693612800', '9', '3', 'Chennai', 'Nagpur', 'Dhal', '31', '71300', '10000', '10000', '1693958400', '800', '1700', '141', '1694044800', '58659', '1694131200', 'Selvam', '', NULL, NULL),
(45, '1693785600', '12', '3', 'Katni', 'Virudhunagar ', 'Dhal', '30', '120000', '0', '0', '1693872000', '0', '0', '0', '1694131200', '120320', '1694131200', 'Vinoth kumar', '', NULL, NULL),
(46, '1693785600', '11', '16', 'Katni', 'Hyderabad', 'POWDER', '30', '66000', '54000', '54000', '1693872000', '0', '0', '0', '1695254400', '6700', '1695772800', 'Selvam', 'P66043448, 5000 given to driver', '300 ', ''),
(47, '1694131200', '5', '14', 'Mumbai', 'Udumalai ', 'Bhel', '20', '84000', '78000', '73250', '1694217600', '2520', '1800', '430', '1694563200', '7200', '1694822400', 'Selvam', 'COOLIE', '', ''),
(48, '1693958400', '10', '5', 'Madurai', 'Erode ', 'Bran', '30', '18000', '0', '0', '1694044800', '0', '0', '0', '1694390400', '21171', '1694476800', 'Selvam', 'LOADING', '', ''),
(49, '1694044800', '6', '3', 'Erode', 'Sangli ', 'Cow', '10', '43000', '0', '0', '1694131200', '0', '0', '0', '1694131200', '43000', '1694131200', 'Driver', '', NULL, NULL),
(50, '1693958400', '9', '3', 'Nagpur', 'Pudukottai ', 'Steel', '30', '99000', '85000', '82800', '1694044800', '1600', '0', '600', '1695168000', '13900', '1695340800', 'Selvam', 'M27987737', '100', ''),
(51, '1694044800', '7', '5', 'Mumbai', 'Coimbatore ', 'Paint', '21', '85050', '80050', '75580', '1694131200', '2550', '0', '1520', '1694304000', '4900', '1694476800', 'Selvam', '', '100', ''),
(52, '1694131200', '6', '3', 'kolapur', 'pollachi', 'Bran', '25', '57500', '0', '0', '1694131200', '0', '0', '0', '', '55100', '1694649600', 'Manimaran', 'COMMISION 2400', '2400', ''),
(53, '1694131200', '12', '4', 'Tuticorin', 'Coimbatore', 'Bran', '29', '25250', '0', '0', '1694217600', '0', '0', '0', '1694217600', '25250', '1694217600', 'Vinoth kumar', '', NULL, NULL),
(54, '1694217600', '8', '5', 'Vaapi', 'Coimbatore', 'Bhel', '24', '107000', '102000', '98400', '1694390400', '3200', '0', '400', '1694649600', '4900', '1694736000', 'Selvam', '', '100', 'SELVAM'),
(55, '1694217600', '3', '6', 'Salem, Tamil Nadu', 'Pune, Maharashtra', 'Steel', '34.7', '66300', '62950', '62950', '1694390400', '0', '0', '0', '1694822400', '1500', '1698364800', 'Manimaran', '', '1850', ''),
(56, '1694217600', '4', '6', 'Salem, Tamil Nadu', 'Nashik, Maharashtra', 'Steel', '35', '69500', '66000', '66000', '1694476800', '0', '0', '0', '1694822400', '3400', '1698364800', 'Manimaran', '', '150', 'MANIMARAN'),
(57, '1694217600', '5', '7', 'Pollachi, Tamil Nadu', 'Mettur, Tamil Nadu', 'Bran', '29', '15950', '0', '0', '1694390400', '0', '0', '0', '1694390400', '15300', '1694822400', 'Manimaran', '', '650', ''),
(58, '1694390400', '7', '8', 'Erode, Tamil Nadu', 'Mumbai, Maharashtra', 'JUICE', '25', '58000', '53000', '53000', '1694390400', '1300', '0', '0', '1695600000', '5000', '1695772800', 'Selvam', '', '0', ''),
(59, '1694390400', '5', '9', 'Mettur, Tamil Nadu', 'Bhiwandi, Maharashtra', 'OIL BARREL ', '21', '48500', '43500', '43500', '1694390400', '0', '0', '0', '1695340800', '4900', '1696464000', 'Manimaran', 'GPAY', '', ''),
(60, '1694390400', '6', '7', 'Pollachi, Tamil Nadu', 'Vellore, Tamil Nadu', 'E.post', '29', '13000', '0', '0', '1694476800', '0', '0', '0', '1694563200', '12450', '1694822400', 'Manimaran', '', '550', ''),
(62, '1694390400', '9', '10', 'Karur, Tamil Nadu', 'Chennai, Tamil Nadu', 'Mosquito net', '17', '17000', '14500', '14500', '1694563200', '0', '0', '0', '1694736000', '1800', '1695427200', 'Manimaran', '', '700', 'SELVAM'),
(63, '1694390400', '10', '10', 'Karur, Tamil Nadu', 'Chennai, Tamil Nadu', 'Mosquito net', '16', '16000', '14000', '14000', '1694649600', '0', '0', '0', '1694563200', '1300', '1695340800', 'Manimaran', '', '700', 'SELVAM'),
(64, '1694390400', '12', '10', 'Karur, Tamil Nadu', 'Chennai, Tamil Nadu', 'Mosquito net', '16', '16000', '14000', '14000', '1694649600', '0', '0', '0', '1694563200', '1300', '1695340800', 'Manimaran', '', '700', 'SELVAM'),
(67, '1694476800', '9', '11', 'Chennai, Tamil Nadu', 'Murwara (Katni), Madhya Pradesh', 'dhal', '30', '105000', '50000', '50000', '1694563200', '0', '0', '0', '', '52218', '', 'Selvam', '', '2782', 'SELVAM'),
(68, '1694563200', '10', '11', 'Chennai, Tamil Nadu', 'Murwara (Katni), Madhya Pradesh', 'dhal', '30', '105000', '50000', '50000', '1694563200', '0', '0', '0', '', '52218', '', 'Selvam', '', '2718', 'SELVAM'),
(69, '1694563200', '12', '11', 'Chennai, Tamil Nadu', 'Murwara (Katni), Madhya Pradesh', 'dhal', '30', '105000', '50000', '50000', '1694563200', '0', '0', '0', '', '52218', '', 'S', '', '2782', 'SELVAM'),
(70, '1694649600', '6', '3', 'Erode, Tamil Nadu', 'Sangli, Maharashtra', 'Cow', '10', '43000', '0', '0', '1694649600', '0', '0', '0', '1694736000', '43000', '1694736000', 'Driver', 'acc 20000, diesel 18000', '', ''),
(71, '1694649600', '8', '3', 'Erode, Tamil Nadu', 'Sangli, Maharashtra', 'Cow', '10', '43000', '0', '0', '1694649600', '0', '0', '0', '1694736000', '43000', '1694736000', 'Driver', 'acc 20000 ', '', ''),
(72, '1694390400', '3', '12', 'Pune, Maharashtra', 'Coimbatore, Tamil Nadu', 'TIN PLATE', '34.7', '116200', '111200', '107200', '1694563200', '3500', '500', '0', '1695772800', '5000', '1696204800', 'Selvam', '', '', 'MANIMARAN'),
(73, '1694563200', '4', '12', 'Nashik, Maharashtra', 'Salem, Tamil Nadu', 'steel', '34.5', '129500', '0', '0', '1694649600', '3900', '2900', '0', '1694822400', '121090', '1694822400', 'Manimaran', 'unloading 1610, ', '1700', 'MANIMARAN'),
(74, '1694563200', '11', '13', 'Nanded, Maharashtra', 'Namakkal, Tamil Nadu', 'Bran', '30', '70200', '0', '0', '1694563200', '0', '0', '0', '1694736000', '69000', '1695081600', 'Selvam', 'UNLOADING 1200, ACC 39000, DRIVER HAND 30000', '1200', 'SELVAM'),
(75, '1694736000', '7', '5', 'Vapi, Gujarat', 'Erode, Tamil Nadu', 'Bhel', '24', '102000', '97000', '94010', '1694736000', '2550', '0', '360', '', '4900', '', 'Selvam', '', '100', ''),
(76, '1694736000', '5', '12', 'Bhiwandi, Maharashtra', 'Tiruppur, Tamil Nadu', 'Parcel', '23', '93400', '40000', '37300', '1694822400', '2600', '0', '100', '', '51800', '', 'Selvam', 'COOLIE', '1600', 'SELVAM'),
(77, '1694736000', '6', '15', 'Kolhapur, Maharashtra', 'Palladam, Tamil Nadu', 'Bran', '25', '57500', '0', '0', '1694736000', '0', '0', '0', '1695081600', '57845', '1695081600', 'Manimaran', '', '', ''),
(78, '1694822400', '8', '15', 'Kolhapur, Maharashtra', 'Palladam, Tamil Nadu', 'Bran', '25', '56250', '50000', '0', '1695254400', '0', '0', '0', '1695427200', '6250', '1695427200', 'Vinoth kumar', '', '', 'VINOTHKUMAR'),
(79, '1694822400', '3', '6', 'Mettur, Tamil Nadu', 'Pune, Maharashtra', 'steel', '35', '66450', '63000', '61000', '1694995200', '1000', '1000', '0', '1697673600', '3350', '1697673600', 'Manimaran', '', '100', 'MANIMARAN '),
(80, '1694736000', '10', '16', 'Murwara (Katni), Madhya Pradesh', 'Chennai, Tamil Nadu', 'wheat', '30', '90000', '0', '0', '1694736000', '0', '0', '0', '1695168000', '87000', '1695254400', 'Selvam', 'CHEQUE', '3000', ''),
(81, '1694995200', '9', '16', 'Murwara (Katni), Madhya Pradesh', 'Tumkur, Karnataka', 'wheat', '30', '90000', '0', '0', '1695081600', '0', '0', '0', '1695254400', '87600', '1695254400', 'Driver', 'UNLOADING  ', '2400', ''),
(82, '1694995200', '12', '16', 'Murwara (Katni), Madhya Pradesh', 'Chennai, Tamil Nadu', 'wheat', '30', '90000', '0', '', '1694995200', '', '', '', '1695254400', '87000', '1695600000', 'Selvam', 'UNLOADING 3000', '3000', ''),
(83, '1694995200', '6', '3', 'Erode, Tamil Nadu', 'Mumbai, Maharashtra', 'WASTE WIRE', '17', '52000', '48000', '48000', '1695081600', '0', '0', '0', '1695168000', '5000', '1696809600', 'Manimaran GPAY', '', '', ''),
(84, '1694995200', '4', '6', 'Mettur, Tamil Nadu', 'Mumbai, Maharashtra', 'Steel', '35', '74800', '72300', '70000', '1695081600', '1200', '1100', '0', '1697673600', '2400', '1697673600', 'Manimaran', '', '100', 'MANIMARAN '),
(85, '1695081600', '7', '8', 'Erode, Tamil Nadu', 'Mumbai, Maharashtra', 'JUICE', '25', '58000', '53000', '53000', '1695081600', '0', '0', '0', '1695600000', '5000', '1695772800', 'Selvam', '', '0', 'DRIVER'),
(86, '1695081600', '11', '6', 'Mettur, Tamil Nadu', 'Mumbai, Maharashtra', 'Steel', '30.2', '64950', '63100', '61000', '1695168000', '1000', '1100', '0', '1697673600', '1750', '1697673600', 'Manimaran', '', '100', 'SELVAM'),
(87, '1695168000', '10', '17', 'Chennai, Tamil Nadu', 'Surat, Gujarat', 'FISH FEED', '30', '81000', '73000', '68060', '1695254400', '3240', '1500', '200', '1696204800', '8000', '1696550400', 'Selvam', '', '', 'SELVAM'),
(88, '1695254400', '8', '3', 'Erode, Tamil Nadu', 'Sangli, Maharashtra', 'Cow', '10', '43000', '0', '0', '1695254400', '0', '0', '0', '1695340800', '43000', '1695340800', 'Driver', '', '', ''),
(89, '1695254400', '5', '3', 'Erode, Tamil Nadu', 'Sangli, Maharashtra', 'Cow', '10', '43000', '0', '0', '1695254400', '0', '0', '0', '1695340800', '43000', '1695340800', 'Driver', '', '', ''),
(90, '1695254400', '11', '12', 'Mumbai, Maharashtra', 'Karur, Tamil Nadu', 'WASTE PAPER', '30', '105500', '100500', '95500', '1695340800', '3100', '1400', '500', '1695859200', '5000', '1696204800', 'Selvam', '', '', 'SELVAM'),
(91, '1695340800', '12', '17', 'Chennai, Tamil Nadu', 'Silvassa, Dadra and Nagar Haveli', 'Plywood ', '30', '79500', '71500', '65120', '1695600000', '3180', '3000', '200', '', '7950', '', 'Selvam', '', '50', 'SELVAM'),
(92, '1695340800', '9', '21', 'Ballari, Karnataka', 'Erode, Tamil Nadu', 'paddy', '31', '54800', '53800', '51750', '1695772800', '', '2050', '', '1698278400', '', '', '', '8825499314, NKL3257389', '', 'MANIMARAN'),
(93, '1695340800', '4', '20', 'Silvassa, Dadra and Nagar Haveli', 'Dindigul, Tamil Nadu', 'POWDER', '35', '140000', '130000', '125450', '1695340800', '3500', '0', '1050', '1698364800', '10000', '1696204800', 'Manimaran', 'from karthi roadways', '', 'MANIMARAN'),
(94, '1695340800', '8', '15', 'Kolhapur, Maharashtra', 'Erode, Tamil Nadu', 'Bran', '25', '55000', '0', '', '1695340800', '', '', '', '1695600000', '56220', '1695686400', 'Vinoth kumar', 'halt+weigh', '0', ''),
(95, '1695340800', '5', '15', 'Kolhapur, Maharashtra', 'Erode, Tamil Nadu', 'Bran', '25', '55000', '0', '', '1695340800', '', '', '', '1695600000', '56220', '1695686400', 'Vinoth kumar', 'halt+weigh', '0', ''),
(96, '1695513600', '10', '22', 'Bharuch, Gujarat', 'Tiruchengode, Tamil Nadu', 'Bhel', '24', '112000', '107000', '106000', '1695686400', '', '1000', '', '1696118400', '2560', '1696204800', 'Selvam', '', '2440', 'SELVAM'),
(97, '1695427200', '3', '20', 'Vapi, Gujarat', 'Ramanathapuram, Tamil Nadu', 'coil', '27', '150000', '140000', '135200', '1695427200', '3750', '1050', '', '', '14800', '1696291200', 'Manimaran', 'from karthi roadways', '', 'MANIMARAN'),
(98, '1695427200', '7', '5', 'Vapi, Gujarat', 'Coimbatore, Tamil Nadu', 'Bhel', '24', '107000', '102000', '98100', '1695427200', '2700', '0', '1200', '1695772800', '4900', '1695772800', 'Selvam', '', '100', 'SELVAM'),
(99, '1695427200', '6', '12', 'Mumbai, Maharashtra', 'Coimbatore, Tamil Nadu', 'Bhel', '20', '89000', '84000', '81000', '1695600000', '2600', '400', '', '1695945600', '5000', '1696204800', 'Selvam', '', '', 'MANIMARAN'),
(100, '1695600000', '9', '10', 'Karur, Tamil Nadu', 'Chennai, Tamil Nadu', 'Mosquito net', '17', '17000', '14500', '14500', '1695772800', '', '', '', '1696982400', '1800', '1696982400', 'Manimaran GPAY', '', '700', 'SELVAM'),
(101, '1695686400', '11', '6', 'Mettur, Tamil Nadu', 'Mumbai, Maharashtra', 'Steel', '30.4', '65500', '63100', '62000', '1695945600', '1000', '1100', '', '1697673600', '2300', '1697673600', 'Manimaran', '', '100', 'SELVAM'),
(102, '1695772800', '9', '23', 'Chennai, Tamil Nadu', 'Bhiwandi, Maharashtra', 'Plywood ', '30', '81000', '76000', '71760', '1695945600', '2430', '', '', '1699574400', '3000', '1699574400', 'Selvam', '', '', ''),
(103, '1695772800', '6', '3', 'Palladam, Tamil Nadu', 'Bhiwandi, Maharashtra', 'machine', '15', '49000', '0', '', '1695772800', '', '', '', '', '49000', '1695945600', 'Manimaran', '', '', ''),
(104, '1695772800', '12', '20', 'Vapi, Gujarat', 'Erode, Tamil Nadu', 'Paper', '30', '126000', '116000', '111875', '1695772800', '3075', '0', '1050', '1700956800', '10000', '1700956800', 'Selvam', '', '', 'SELVAM'),
(105, '1695859200', '5', '3', 'Erode, Tamil Nadu', 'Sangli, Maharashtra', 'Cow', '10', '43000', '0', '', '1695945600', '', '', '', '1695945600', '43000', '1695945600', 'Driver', '', '', ''),
(106, '1695859200', '7', '3', 'Erode, Tamil Nadu', 'Sangli, Maharashtra', 'Cow', '10', '43000', '0', '', '1695945600', '', '', '', '1695945600', '43000', '1695945600', 'Driver', '', '', ''),
(107, '1695859200', '8', '3', 'Erode, Tamil Nadu', 'Sangli, Maharashtra', 'Cow', '10', '43000', '0', '', '1695945600', '', '', '', '1695945600', '43000', '1695945600', 'Driver', '', '', ''),
(108, '1695859200', '10', '6', 'Mettur, Tamil Nadu', 'Kalamboli, Maharashtra', 'Steel', '30', '62300', '61100', '59000', '1695945600', '1000', '1100', '', '1697673600', '1100', '1697673600', 'Manimaran', '', '100', 'SELVAM'),
(109, '1695945600', '8', '24', 'Kolhapur, Maharashtra', 'Coimbatore, Tamil Nadu', 'wheat', '25', '57500', '0', '', '1696204800', '', '', '', '1696204800', '55000', '1696291200', 'Vinoth kumar', '9363262357', '2500', ''),
(110, '1695945600', '7', '24', 'Kolhapur, Maharashtra', 'Coimbatore, Tamil Nadu', 'wheat', '25', '58200', '0', '', '1696204800', '', '', '', '1696204800', '55700', '1696291200', 'Selvam', '', '2500', ''),
(111, '1695945600', '5', '24', 'Kolhapur, Maharashtra', 'Coimbatore, Tamil Nadu', 'wheat', '25', '55000', '0', '', '1696291200', '', '', '', '1696204800', '53000', '1696377600', 'Selvam', '8870248111', '2000', ''),
(112, '1696032000', '3', '25', 'Ramanathapuram, Tamil Nadu', 'Erode, Tamil Nadu', 'SALT', '36', '29800', '10000', '10000', '1696032000', '', '', '', '1696118400', '19900', '1696118400', 'Manimaran', '', '0', 'MANIMARAN'),
(113, '1696032000', '6', '5', 'Vapi, Gujarat', 'Palladam, Tamil Nadu', 'Bhel', '24', '108500', '103500', '99560', '', '2700', '0', '1200', '1697068800', '4900', '1697328000', 'Manimaran', '', '', 'SELVAM'),
(115, '1696118400', '4', '6', 'Mettur, Tamil Nadu', 'Nashik, Maharashtra', 'Steel', '35', '72400', '71400', '69000', '', '1200', '1200', '', '1698624000', '900', '1698624000', 'Manimaran', '', '', 'MANIMARAN'),
(116, '1696204800', '11', '12', 'Mumbai, Maharashtra', 'Karur, Tamil Nadu', 'Paper', '30.5', '111800', '106800', '101500', '1696291200', '3300', '1500', '500', '', '5000', '', 'Selvam', '', '', 'SELVAM'),
(117, '1696291200', '12', '6', 'Mettur, Tamil Nadu', 'Nashik, Maharashtra', 'Steel', '30', '59750', '58000', '58000', '1696377600', '1000', '1100', '', '1698624000', '1650', '1698624000', 'Manimaran', '', '', 'SELVAM'),
(118, '1696464000', '7', '3', 'Erode, Tamil Nadu', 'Sangli, Maharashtra', 'Cow', '10', '43000', '0', '', '1696550400', '', '', '', '1696550400', '43000', '1696550400', 'Selvam', 'THROUGH AJITH', '', ''),
(119, '1696464000', '5', '3', 'Erode, Tamil Nadu', 'Sangli, Maharashtra', 'Cow', '10', '43000', '0', '', '1696550400', '', '', '', '1696550400', '43000', '1696550400', 'Driver', '33K TO REL', '', ''),
(120, '1696464000', '6', '3', 'Erode, Tamil Nadu', 'Sangli, Maharashtra', 'Cow', '10', '43000', '0', '', '1696550400', '', '', '', '1696550400', '43000', '1696550400', 'Driver', '20K GPAY', '', ''),
(121, '1696464000', '8', '3', 'Erode, Tamil Nadu', 'Sangli, Maharashtra', 'Cow', '10', '43000', '0', '', '1696550400', '', '', '', '1696550400', '43000', '1696550400', 'Driver', '13000AD', '', ''),
(122, '1696550400', '4', '12', 'Mumbai, Maharashtra', 'Vellore, Tamil Nadu', 'CARD BOARD', '35', '119000', '114000', '110000', '1696636800', '3500', '0', '500', '', '5000', '1697587200', 'Manimaran', 'from karthi roadways', '', 'MANIMARAN '),
(123, '1696550400', '10', '12', 'Mumbai, Maharashtra', 'Coimbatore, Tamil Nadu', 'COIL', '30', '111000', '106000', '102200', '1696636800', '3300', '0', '500', '', '5000', '', 'Selvam', '', '', 'SELVAM'),
(124, '1696550400', '9', '27', 'Mumbai, Maharashtra', 'Coimbatore, Tamil Nadu', 'Steel', '30', '111000', '106000', '102100', '1696636800', '3300', '', '600', '1697241600', '4900', '1697241600', 'Selvam', 'CHEQUE', '100', 'SELVAM'),
(125, '1696550400', '11', '28', 'Karur, Tamil Nadu', 'Kolar, Karnataka', 'CEMENT', '30', '28500', '23500', '23000', '1696636800', '500', '', '', '1697155200', '5000', '1697587200', 'Selvam', '', '', 'SELVAM'),
(126, '1696636800', '3', '6', 'Mettur, Tamil Nadu', 'Mumbai, Maharashtra', 'Steel', '36', '77550', '76700', '74300', '1696636800', '1200', '1200', '0', '1698710400', '750', '1698710400', 'Manimaran', '', '', 'MANIMARAN '),
(127, '1696636800', '12', '20', 'Vapi, Gujarat', 'Erode, Tamil Nadu', 'Bhel', '30', '123000', '115000', '110650', '1696809600', '3000', '1000', '350', '1698278400', '8000', '1698278400', 'Selvam', '', '', 'SELVAM'),
(128, '1696550400', '8', '15', 'Kolhapur, Maharashtra', 'Namakkal, Tamil Nadu', 'wheat', '25', '53060', '0', '', '1696636800', '', '', '', '1696723200', '51560', '1696809600', 'Vinoth kumar', '', '1500', ''),
(129, '1696636800', '7', '15', 'Kolhapur, Maharashtra', 'Kangeyam, Tamil Nadu', 'Bran', '25', '56250', '0', '', '1696809600', '', '', '', '1696982400', '56250', '1696982400', 'Manimaran', '', '', ''),
(130, '1696636800', '5', '15', 'Kolhapur, Maharashtra', 'Namakkal, Tamil Nadu', 'Bran', '25', '52500', '0', '', '1696809600', '', '', '', '', '51250', '', 'Selvam', '', '1250', ''),
(131, '1696723200', '6', '30', 'Vijayapura, Karnataka', 'Coimbatore, Tamil Nadu', 'Bran', '21', '55500', '0', '', '1696723200', '', '', '', '1696982400', '62500', '1696982400', 'Manimaran', '7000+', '', ''),
(132, '1696809600', '3', '12', 'Mumbai, Maharashtra', 'Karur, Tamil Nadu', 'WASTE PAPER', '34', '122400', '117400', '111600', '1696896000', '3600', '1700', '500', '1697414400', '5000', '1697414400', '', '', '', 'MANIMARAN '),
(133, '1696896000', '5', '31', 'Ambur, Tamil Nadu', 'Vasai-Virar, Maharashtra', 'COW SKIN', '23', '73360', '20000', '20000', '1696982400', '', '', '', '1697068800', '50000', '1697068800', 'Selvam', '', '3360', 'SELVAM'),
(134, '1696896000', '11', '3', 'Kolar, Karnataka', 'Bilaspur, Chhattisgarh', 'TOMATO', '30', '96000', '0', '', '1697068800', '', '', '', '1697068800', '85500', '1697068800', 'Manimaran', 'driver 10500', '', ''),
(135, '1696896000', '9', '31', 'Krishnagiri, Tamil Nadu', 'Mumbai, Maharashtra', 'POWDER', '30', '63000', '0', '', '1697155200', '', '', '', '1697587200', '61500', '1697587200', 'Selvam', '', '', ''),
(136, '1696896000', '6', '3', 'Erode, Tamil Nadu', 'Mumbai, Maharashtra', 'POWDER', '24', '60000', '55000', '51800', '1697068800', '2200', '1000', '0', '1697760000', '4000', '1697760000', 'Selvam', '', '', ''),
(137, '1697068800', '7', '3', 'Erode, Tamil Nadu', 'Sangli, Maharashtra', 'Cow', '10', '43000', '0', '', '1697068800', '', '', '', '1697155200', '43000', '1697155200', 'Driver', '', '0', ''),
(138, '1697068800', '8', '3', 'Erode, Tamil Nadu', 'Sangli, Maharashtra', 'Cow', '10', '43000', '0', '', '1697068800', '', '', '', '1697155200', '43000', '1697155200', 'Driver', '', '0', ''),
(139, '1697068800', '4', '6', 'Mettur, Tamil Nadu', 'Nashik, Maharashtra', 'Steel', '35.8', '71600', '68400', '66000', '1697155200', '1200', '1200', '', '1698710400', '3150', '1698710400', 'Manimaran', '', '', 'MANIMARAN'),
(140, '1697068800', '3', '6', 'Mettur, Tamil Nadu', 'Nashik, Maharashtra', 'Steel', '35.6', '69250', '67400', '65000', '1697068800', '1200', '1200', '', '1698710400', '1750', '1698710400', 'Manimaran', '', '', 'MANIMARAN'),
(141, '1697068800', '12', '6', 'Mettur, Tamil Nadu', 'Nashik, Maharashtra', 'Steel', '29.8', '59750', '60000', '58000', '1697414400', '1000', '1000', '0', '1698710400', '-350', '1698710400', 'Manimaran', '', '', 'VINOTHKUMAR'),
(142, '1697068800', '10', '6', 'Mettur, Tamil Nadu', 'Nashik, Maharashtra', 'Steel', '30', '60050', '59100', '57000', '1697068800', '1000', '1100', '', '1698710400', '850', '1698710400', 'Manimaran', '', '', 'SELVAM'),
(143, '1697155200', '11', '33', 'Bilaspur, Chhattisgarh', 'Tadpatri, Andhra Pradesh', 'Steel', '30', '87000', '0', '', '1697241600', '', '', '', '1697500800', '84900', '1697500800', 'Selvam', 'COMMISION 2100', '2100', ''),
(146, '1697155200', '8', '24', 'Sangli, Maharashtra', 'Coimbatore, Tamil Nadu', 'wheat', '25', '57500', '0', '', '1697155200', '', '', '', '1697587200', '55150', '1697587200', 'Vinoth kumar', 'UNLOADING  ', '2500', ''),
(147, '1697155200', '7', '24', 'Sangli, Maharashtra', 'Coimbatore, Tamil Nadu', 'wheat', '25', '57500', '0', '', '1697155200', '', '', '', '1697587200', '55000', '1697587200', 'Selvam', '', '2500', ''),
(148, '1697155200', '5', '12', 'Mumbai, Maharashtra', 'Coimbatore, Tamil Nadu', 'POWDER', '21', '86100', '81100', '76900', '1697241600', '2600', '1200', '400', '1697414400', '5000', '1697414400', '', '', '', 'SELVAM '),
(149, '1697241600', '6', '12', 'Mumbai, Maharashtra', 'Coimbatore, Tamil Nadu', 'WASTE PAPER', '23', '94200', '89200', '85000', '1697414400', '2800', '1200', '400', '', '5000', '', '', '', '', 'SELVAM'),
(150, '1697241600', '9', '12', 'Mumbai, Maharashtra', 'Coimbatore, Tamil Nadu', 'WASTE PAPER', '30', '108000', '103000', '97800', '1697414400', '3200', '1500', '500', '1698278400', '5000', '1698278400', '', '', '', 'SELVAM '),
(151, '1697587200', '11', '3', 'Nandyal, Andhra Pradesh', 'Erode, Tamil Nadu', 'CORN', '30', '57000', '0', '', '1697760000', '', '', '', '1697846400', '63500', '1697846400', 'Driver', '', '', ''),
(152, '1697500800', '5', '8', 'Erode, Tamil Nadu', 'Mumbai, Maharashtra', 'JUICE', '25', '58000', '53000', '', '1697500800', '', '', '', '1699920000', '5000', '1699920000', 'Selvam', '', '', ''),
(153, '1697673600', '6', '8', 'Erode, Tamil Nadu', 'Mumbai, Maharashtra', 'JUICE', '25', '58000', '53000', '', '1697673600', '', '', '', '1699920000', '5000', '1699920000', '', '', '', ''),
(154, '1697587200', '9', '10', 'Karur, Tamil Nadu', 'Chennai, Tamil Nadu', 'Paper', '21', '16000', '15800', '15800', '1697587200', '600', '600', '0', '1697760000', '200', '1697760000', '', '', '', 'SELVAM '),
(155, '1697500800', '4', '27', 'Mumbai, Maharashtra', 'Coimbatore, Tamil Nadu', 'COIL', '35', '131250', '126250', '121240', '1697587200', '3940', '', '570', '1698278400', '4920', '1698278400', 'Selvam', '', '80', 'MANIMARAN '),
(156, '1697587200', '3', '27', 'Mumbai, Maharashtra', 'Dindigul, Tamil Nadu', 'COIL', '35', '133000', '128000', '123440', '1697846400', '3990', '0', '570', '1698278400', '4920', '1698278400', 'Selvam', '', '80', 'MANIMARAN '),
(157, '1697587200', '10', '12', 'Mumbai, Maharashtra', 'Salem, Tamil Nadu', 'Steel', '30', '112500', '0', '', '1697760000', '', '', '', '1697846400', '123850', '1697846400', 'Selvam', '', '', ''),
(158, '1697587200', '12', '12', 'Mumbai, Maharashtra', 'Salem, Tamil Nadu', 'Steel', '30', '111000', '0', '', '1698192000', '', '', '', '1698192000', '111750', '1698192000', '', '', '', ''),
(159, '1697760000', '9', '17', 'Chennai, Tamil Nadu', 'Mumbai, Maharashtra', 'SCRAP', '30', '81000', '73000', '66560', '1697846400', '3240', '3000', '200', '1698969600', '7950', '1698969600', 'Selvam', '', '', 'SELVAM '),
(160, '1697673600', '7', '3', 'Erode, Tamil Nadu', 'Sangli, Maharashtra', 'Cow', '10', '43000', '0', '', '1697760000', '', '', '', '1697760000', '43000', '1697760000', 'Driver', '', '', ''),
(161, '1697673600', '8', '3', 'Erode, Tamil Nadu', 'Sangli, Maharashtra', 'Cow', '10', '43000', '0', '', '1697760000', '', '', '', '1697760000', '43000', '1697760000', 'Driver', '', '0', ''),
(162, '1697760000', '7', '37', 'Sangli, Maharashtra', 'Erode, Tamil Nadu', 'wheat', '25', '55000', '0', '', '1697760000', '', '', '', '1698278400', '53750', '1698278400', 'Selvam', 'UNLOADING  ', '1250', ''),
(163, '1697846400', '8', '37', 'Sangli, Maharashtra', 'Erode, Tamil Nadu', 'wheat', '25', '55000', '0', '', '1698192000', '', '', '', '1698364800', '53750', '1698364800', 'Selvam', '', '1250', ''),
(164, '1697846400', '5', '12', 'Mumbai, Maharashtra', 'Udumalaipettai, Tamil Nadu', 'Bhel', '21', '85000', '80000', '77100', '1697846400', '2500', '400', '', '1698278400', '5000', '1698278400', '', '', '', 'SELVAM'),
(165, '1697846400', '6', '12', 'Mumbai, Maharashtra', 'Coimbatore, Tamil Nadu', 'POWDER', '21', '85000', '80000', '76000', '1698019200', '2500', '1200', '300', '1698278400', '5000', '1698278400', '', '', '', 'SELVAM '),
(166, '1697846400', '10', '35', 'Erode, Tamil Nadu', 'Perumbavoor, Kerala', 'CHIC FEED', '30', '29000', '0', '', '1697846400', '', '', '', '1697846400', '29000', '1697846400', 'Driver', 'DRIVER  ', '', ''),
(167, '1698019200', '10', '36', 'Perumbavoor, Kerala', 'Nagpur, Maharashtra', 'Plywood ', '30', '107450', '0', '', '1698192000', '', '', '', '1698364800', '102700', '1698364800', 'Manimaran', '3900 coolie, 300 cash handling, 550 in hand', '', ''),
(168, '1698105600', '15', '6', 'Mettur, Tamil Nadu', 'Pune, Maharashtra', 'Steel', '30', '56700', '54850', '52950', '1698192000', '900', '1000', '0', '1700438400', '1750', '1700438400', 'Manimaran', '', '100', 'MANIMARAN'),
(169, '1698105600', '16', '6', 'Mettur, Tamil Nadu', 'Pune, Maharashtra', 'Steel', '30', '56350', '52000', '50000', '1698710400', '1000', '1000', '', '1700438400', '4250', '1700438400', 'Manimaran', '', '100', 'SELVAM'),
(171, '1698192000', '4', '12', 'Mumbai, Maharashtra', 'Coimbatore, Tamil Nadu', 'Steel', '35.3', '119000', '114000', '110000', '1698278400', '3500', '500', '', '1698710400', '5000', '1698710400', 'Selvam', '', '', ''),
(172, '1698278400', '8', '3', 'Erode, Tamil Nadu', 'Bhiwandi, Maharashtra', 'Paper', '22', '51300', '46300', '46300', '1698278400', '0', '0', '0', '1700870400', '5000', '1700870400', 'Selvam', '', '', 'VINOTHKUMAR'),
(173, '1698278400', '7', '8', 'Erode, Tamil Nadu', 'Bhiwandi, Maharashtra', 'JUICE', '21', '58000', '53000', '53000', '1698278400', '0', '0', '0', '1699920000', '5000', '1699920000', 'Selvam', '', '', 'DRIVER'),
(174, '1698278400', '9', '27', 'Mumbai, Maharashtra', 'Coimbatore, Tamil Nadu', 'COIL', '28.7', '112500', '107500', '103750', '1698451200', '3375', '300', '75', '1699228800', '4920', '1699228800', 'Selvam', '', '', 'SELVAM '),
(175, '1698364800', '6', '3', 'Coimbatore, Tamil Nadu', 'Bhiwandi, Maharashtra', 'CONE BAG', '19', '54000', '49000', '47000', '1698364800', '', '2000', '', '1699574400', '5000', '1699574400', 'Selvam', '', '', 'MANIMARAN '),
(176, '1698278400', '12', '6', 'Mettur, Tamil Nadu', 'Mumbai, Maharashtra', 'Steel', '30.4', '65450', '64200', '62000', '1698278400', '1000', '1200', '0', '1700438400', '1150', '1700438400', 'Manimaran', '', '100', 'VINOTHKUMAR'),
(177, '1698278400', '17', '12', 'Vasai-Virar, Maharashtra', 'Bengaluru, Karnataka', 'WAST PAPER', '28', '98000', '93000', '88200', '1698451200', '2900', '', '1900', '1698710400', '5000', '1698710400', 'Selvam', '', '', 'SAMPATH'),
(178, '1698364800', '5', '3', 'Erode, Tamil Nadu', 'Thane, Maharashtra', 'STEEL PIPE', '25', '61400', '50000', '50000', '1698451200', '', '', '', '1700092800', '11400', '1700092800', 'Selvam', '', '', 'SELVAM '),
(179, '1698451200', '11', '35', 'Erode, Tamil Nadu', 'Chennai, Tamil Nadu', 'CHIC FEED', '25', '21250', '0', '', '1698451200', '', '', '', '1698624000', '20000', '1698624000', 'Driver', '', '', ''),
(180, '1698364800', '10', '3', 'Nagpur, Maharashtra', 'hoskote', 'COIL', '29900', '74750', '60000', '57800', '1698451200', '1600', '', '600', '1699660800', '14650', '1699660800', 'Selvam', '', '', 'SELVAM '),
(181, '1698624000', '3', '6', 'Mettur, Tamil Nadu', 'Mumbai, Maharashtra', 'Steel', '33.75', '72600', '69400', '67000', '1698710400', '1200', '1200', '', '1700438400', '3100', '1700438400', 'Manimaran', '', '100', 'MANIMARAN'),
(182, '1698624000', '6', '27', 'Mumbai, Maharashtra', 'Theni Allinagaram, Tamil Nadu', 'POWDER', '25', '97500', '92500', '89000', '1698710400', '2930', '570', '', '1699488000', '4920', '1699488000', 'Selvam', '', '', 'SELVAM '),
(183, '1698624000', '9', '35', 'Erode, Tamil Nadu', 'Perumbavoor, Kerala', 'CHIC FEED', '30', '26400', '0', '', '1698710400', '', '', '', '1698710400', '26400', '1698710400', 'Driver', '', '', ''),
(184, '1698624000', '16', '27', 'Mumbai, Maharashtra', 'Karur, Tamil Nadu', 'Plastic thana', '30', '99000', '94000', '90460', '1698969600', '2970', '570', '', '1699228800', '4920', '1699228800', 'Selvam', '', '', 'SELVAM '),
(185, '1698451200', '15', '3', 'Pune, Maharashtra', 'Tiruchirappalli, Tamil Nadu', 'ONION', '30', '93000', '0', '', '1698796800', '', '', '', '1698796800', '91210', '1698796800', 'Manimaran', '', '1800', ''),
(186, '1698710400', '4', '35', 'Erode, Tamil Nadu', 'Perumbavoor, Kerala', 'FERTILIZER', '35', '29750', '0', '', '1698796800', '', '', '', '1698796800', '29750', '1698796800', 'Driver', '', '', ''),
(187, '', '', '', '', '', '', '', '', '', '', '', '', '', '', '', '', '', '', '', '', ''),
(188, '1698624000', '8', '12', 'Mumbai, Maharashtra', 'Karur, Tamil Nadu', 'Parcel', '21', '88800', '70000', '67400', '1698710400', '2600', '0', '0', '1699488000', '18800', '1699488000', 'Vinoth kumar', '', '', 'SELVAM'),
(189, '1698710400', '7', '12', 'Mumbai, Maharashtra', 'Erode, Tamil Nadu', 'Parcel', '21', '78750', '73750', '71000', '1698796800', '2350', '', '400', '1699315200', '5000', '1699315200', 'Selvam', '', '', 'SELVAM'),
(190, '1698796800', '16', '3', 'Erode, Tamil Nadu', 'Palghar, Maharashtra', 'PAPER', '25', '68000', '63000', '62500', '1698883200', '', '', '500', '1701216000', '5000', '1701216000', 'Selvam', '', '', 'SELVAM '),
(191, '1698796800', '10', '38', 'Bengaluru, Karnataka', 'Nagpur, Maharashtra', 'Plywood ', '30', '69000', '0', '', '1698796800', '', '', '', '1698969600', '64000', '1698969600', 'Selvam', '', '1800', ''),
(192, '1698710400', '11', '11', 'Chennai, Tamil Nadu', 'Nagpur, Maharashtra', 'Dhal', '29.7', '68310', '0', '', '1698796800', '', '', '', '1698883200', '65700', '1698883200', 'Selvam', '', '', ''),
(193, '1698883200', '5', '12', 'Mumbai, Maharashtra', 'Coimbatore, Tamil Nadu', 'Bhel', '21', '80000', '75000', '72200', '1698969600', '2400', '', '400', '1699315200', '5000', '1699315200', 'Selvam', '', '', 'SELVAM '),
(194, '1698883200', '3', '12', 'Mumbai, Maharashtra', 'Coimbatore, Tamil Nadu', 'Steel', '35.6', '118900', '113900', '109900', '1698969600', '3500', '', '500', '1699315200', '5000', '1699315200', 'Selvam', '', '', 'MANIMARAN '),
(195, '1698969600', '15', '11', 'Chennai, Tamil Nadu', 'Nagpur, Maharashtra', 'Dhal', '30', '69000', '0', '', '1699056000', '700', '1700', '418', '1699228800', '66382', '1699228800', 'Manimaran', '', '', ''),
(196, '1698883200', '4', '3', 'Perumbavoor, Kerala', 'Raipur, Chhattisgarh', 'Plywood', '35', '124500', '0', '', '1698883200', '', '', '', '1699315200', '110000', '1699315200', 'Manimaran', '', '', ''),
(197, '1698969600', '8', '3', 'Erode, Tamil Nadu', 'Mumbai, Maharashtra', 'PAPER', '25', '59000', '54000', '53500', '1698969600', '', '', '500', '1701216000', '5000', '1701216000', 'Selvam', '', '', 'VINOTH KUMAR '),
(198, '1698796800', '15', '3', 'Tiruchirappalli, Tamil Nadu', 'Chennai, Tamil Nadu', 'Rice', '30', '22500', '0', '', '1698883200', '800', '', '', '1699056000', '21700', '1699056000', 'Selvam', '', '800', ''),
(199, '1698883200', '9', '3', 'Perumbavoor, Kerala', 'Nagpur, Maharashtra', 'Plywood ', '30', '105400', '0', '', '1698883200', '', '3800', '', '1699315200', '100000', '1699315200', 'Manimaran', '', '1600 DRIVER', ''),
(200, '1698969600', '11', '39', 'Nagpur, Maharashtra', 'Bengaluru, Karnataka', 'Plastic thana', '30', '81000', '70000', '67800', '1699228800', '1600', '600', '', '1701388800', '10900', '1701388800', 'Selvam', 'M29007020', '100', 'SELVAM '),
(201, '1699056000', '10', '39', 'Nagpur, Maharashtra', 'Erode, Tamil Nadu', 'CHIC FEED', '30', '97175', '85000', '82800', '1699228800', '1600', '600', '', '1699833600', '12100', '1700265600', 'Selvam', 'F31456882', '75', 'SELVAM '),
(202, '1699228800', '15', '39', 'Nagpur, Maharashtra', 'Udumalaipettai, Tamil Nadu', 'CHIC FEED', '30', '93000', '80000', '77800', '1699228800', '1600', '500', '100', '1700179200', '12900', '1700265600', 'Manimaran', '', '100', 'MANIMARAN'),
(203, '1699228800', '8', '12', 'Mumbai, Maharashtra', 'Coimbatore, Tamil Nadu', 'Bhel', '21', '83000', '78000', '75100', '1699228800', '2500', '400', '', '1699488000', '5000', '1699488000', 'Selvam', '', '', 'SELVAM '),
(204, '1699228800', '16', '12', 'Vapi, Gujarat', 'Erode, Tamil Nadu', 'steel', '30', '106200', '101200', '97500', '1699228800', '3200', '500', '', '1699488000', '5000', '1699488000', 'Selvam', '', '', 'SELVAM '),
(205, '1698969600', '12', '12', 'Mumbai, Maharashtra', 'Erode, Tamil Nadu', 'FEED', '27', '97200', '92200', '87550', '1699056000', '2900', '1350', '400', '1699315200', '5000', '1699315200', 'Selvam', '', '', 'SELVAM'),
(206, '1699315200', '12', '3', 'Erode, Tamil Nadu', 'Mumbai, Maharashtra', 'PAPER', '30', '84000', '74000', '74000', '1699315200', '0', '0', '0', '1700092800', '11000', '1700092800', 'Selvam', '', 'c', 'SELVAM '),
(207, '1699315200', '5', '3', 'Erode, Tamil Nadu', 'Bhiwandi, Maharashtra', 'CONE BAG', '21', '54000', '49000', '49000', '1699315200', '0', '0', '0', '1700784000', '5000', '1700784000', 'Selvam', '', '0', 'SELVAM '),
(208, '1699315200', '3', '3', 'Erode, Tamil Nadu', 'Talode, Maharashtra', 'COIL', '30.5', '70000', '65000', '65000', '1699401600', '0', '0', '0', '1701820800', '3000', '1701820800', 'Manimaran', '', '2000', 'MANIMARAN'),
(209, '1699056000', '6', '8', 'Erode, Tamil Nadu', 'Mumbai, Maharashtra', 'JUICE', '18', '58000', '53000', '53000', '1699056000', '0', '0', '0', '1699920000', '5000', '1699920000', 'Selvam', '', '', 'DRIVER'),
(210, '1699056000', '7', '3', 'Coimbatore, Tamil Nadu', 'Mumbai, Maharashtra', 'CONE BAG', '21', '65000', '60000', '60000', '1699056000', '0', '0', '0', '1700784000', '5000', '1700784000', 'Selvam', '', '', 'SELVAM'),
(211, '1699315200', '9', '39', 'Nagpur, Maharashtra', 'Udumalaipettai, Tamil Nadu', 'FEED', '30', '93000', '80000', '77800', '1699401600', '1600', '600', '', '1700179200', '12900', '1700265600', 'Selvam', '', '100', 'SELVAM '),
(212, '1699315200', '11', '33', 'Kolar, Karnataka', 'Bilaspur, Chhattisgarh', 'TOMATO', '30', '106000', '0', '', '1699315200', '', '', '', '1699488000', '102800', '1699488000', 'Driver', '', '', ''),
(213, '1699401600', '4', '33', 'Raipur, Chhattisgarh', 'Madurai, Tamil Nadu', 'ALUMINIUM ', '35', '133000', '107000', '107000', '1699488000', '', '', '', '1700697600', '25350', '1700697600', 'Manimaran', 'C37770548', '650', 'MANIMARAN'),
(215, '1699488000', '8', '8', 'Erode, Tamil Nadu', 'Mumbai, Maharashtra', 'JUICE', '20', '60000', '55000', '55000', '1699488000', '', '', '', '1702944000', '5000', '1702944000', 'Selvam', '', '', 'DRIVER'),
(216, '1699488000', '11', '3', 'Bilaspur, Chhattisgarh', 'Nelamangala, Karnataka', 'ALUMINIUM ', '30', '94500', '75000', '75000', '1699660800', '0', '0', '0', '1700784000', '17400', '1700784000', 'Selvam', '', '2100', 'SELVAM'),
(217, '1699488000', '7', '42', 'Vapi, Gujarat', 'Coimbatore, Tamil Nadu', 'POWDER', '25', '95000', '90000', '86475', '1699574400', '2375', '1150', '', '1701302400', '4900', '1701907200', 'Selvam', '', '100', 'SELVAM'),
(218, '1699488000', '6', '12', 'Vapi, Gujarat', 'Coimbatore, Tamil Nadu', 'POWDER', '21', '77700', '72700', '70000', '1699488000', '2300', '400', '', '1701216000', '5000', '1701216000', 'Selvam', '', '', 'VINOTHKUMAR'),
(219, '1699574400', '5', '40', 'Vapi, Gujarat', 'Coimbatore, Tamil Nadu', 'POWDER', '25', '97500', '89500', '85660', '1699747200', '2540', '1300', '', '1700697600', '7900', '1700697600', 'Selvam', '', '100', 'SELVAM'),
(220, '1699574400', '16', '3', 'Erode, Tamil Nadu', 'nagothane', 'POWDER', '30', '56000', '56000', '56000', '1699574400', '', '', '', '1699574400', '0', '1699574400', '', '', '', 'SELVAM '),
(221, '1699660800', '9', '6', 'Mettur, Tamil Nadu', 'Pune, Maharashtra', 'Steel', '30.3', '59150', '56300', '54300', '1699833600', '1000', '1000', '', '1703116800', '2750', '1703116800', 'Selvam', '', '', 'SELVAM'),
(222, '1699488000', '10', '6', 'Mettur, Tamil Nadu', 'Pune, Maharashtra', 'Steel', '29.8', '58100', '57000', '55000', '1699574400', '1000', '1000', '', '1700438400', '1000', '1700438400', 'Manimaran', '', '100', 'SELVAM'),
(223, '1699747200', '15', '6', 'Mettur, Tamil Nadu', 'Pune, Maharashtra', 'Steel', '29.4', '57250', '56000', '54000', '1700006400', '1000', '1000', '', '1703116800', '1150', '1703116800', 'Manimaran', '', '', 'MANIMARAN'),
(224, '1699574400', '12', '12', 'Mumbai, Maharashtra', 'Coimbatore, Tamil Nadu', 'COIL', '30', '108000', '103000', '99300', '1699660800', '3200', '500', '', '1701216000', '5000', '1701216000', 'Selvam', '', '', 'SELVAM'),
(225, '1699833600', '3', '12', 'Mumbai, Maharashtra', 'Salem, Tamil Nadu', 'dhal', '34.73', '121555', '0', '', '1699833600', '', '', '', '1700092800', '117735', '1700092800', 'Manimaran', '', '3820', ''),
(226, '1699747200', '11', '33', 'Kolar, Karnataka', 'Bilaspur, Chhattisgarh', 'TOMATO', '28', '102000', '0', '', '1699747200', '', '', '', '1699920000', '90000', '1699920000', 'Selvam', '', '', ''),
(227, '1699833600', '6', '3', 'Erode, Tamil Nadu', 'Bhiwandi, Maharashtra', 'PAPER', '21', '50000', '46000', '45500', '1699920000', '1000', '500', '', '1702684800', '4000', '1702684800', 'Selvam', '', '', 'MANIMARAN'),
(228, '1699920000', '7', '3', 'Namakkal, Tamil Nadu', 'Bhiwandi, Maharashtra', 'CONE BAG', '21', '58900', '53900', '53888', '1700006400', '', '', '', '1701388800', '5000', '1701388800', 'Selvam', '', '', 'SELVAM '),
(229, '1700006400', '5', '8', 'Erode, Tamil Nadu', 'Mumbai, Maharashtra', 'JUICE', '21', '58000', '53000', '53000', '1700006400', '', '', '', '1702944000', '5000', '1702944000', 'Selvam', '', '', 'DRIVER'),
(230, '1700006400', '4', '41', 'Tuticorin, Tamilnadu', 'Mettur, Tamil Nadu', 'POWDER', '35', '29860', '26000', '26000', '1700092800', '0', '0', '0', '1700611200', '3750', '1700611200', 'Manimaran', '', '110', 'MANIMARAN'),
(231, '1700006400', '11', '33', 'Raipur, Chhattisgarh', 'Mysore, Karnataka', 'ALUMINIUM ', '29', '98600', '75000', '75000', '1700092800', '2000', '', '', '1701216000', '21500', '1701734400', 'Selvam', 'C38306841', '', 'SELVAM '),
(232, '1700006400', '8', '12', 'Mumbai, Maharashtra', 'Coimbatore, Tamil Nadu', 'Bhel', '21', '76600', '71600', '68900', '1700179200', '2300', '400', '', '1701216000', '5000', '1701216000', 'Selvam', '', '', 'VINOTHKUMAR'),
(233, '1700092800', '9', '12', 'Vapi, Gujarat', 'Tiruchirappalli, Tamil Nadu', 'COIL', '30', '104400', '99400', '95800', '1700179200', '3100', '500', '', '1701216000', '5000', '1701216000', 'Selvam', '', '', 'SELVAM '),
(234, '1700092800', '10', '12', 'Vapi, Gujarat', 'Tiruchirappalli, Tamil Nadu', 'COIL', '30', '107000', '102000', '98300', '1700179200', '3200', '500', '', '1701216000', '5000', '1701216000', 'Selvam', '', '', 'SELVAM '),
(235, '1700006400', '12', '6', 'Mettur, Tamil Nadu', 'Mumbai, Maharashtra', 'Steel', '31', '66650', '65100', '63000', '1700092800', '1100', '1000', '', '1703116800', '1450', '1703116800', 'Manimaran', '', '', 'VINOTHKUMAR'),
(236, '1700092800', '6', '14', 'Mumbai, Maharashtra', 'Vellakoil, Tamil Nadu', 'Bhel', '21', '76600', '70600', '66070', '1700092800', '2300', '1800', '430', '1701129600', '6000', '1701129600', 'Selvam', '', '', 'SELVAM'),
(237, '1700092800', '4', '6', 'Mettur, Tamil Nadu', 'Nashik, Maharashtra', 'Steel', '34.8', '69750', '68400', '66000', '1700265600', '1200', '1200', '', '1703116800', '1250', '1703116800', 'Manimaran', '', '', 'MANIMARAN'),
(238, '1700179200', '16', '12', 'Mumbai, Maharashtra', 'Karur, Tamil Nadu', 'Plastic thana', '30', '99000', '94000', '90500', '1700179200', '3000', '500', '', '1701216000', '5000', '1701216000', 'Selvam', '', '', 'SELVAM '),
(241, '1700179200', '5', '5', 'Vapi, Gujarat', 'Erode, Tamil Nadu', 'Bhel', '24', '94000', '89000', '85430', '1700352000', '2820', '750', '', '1700870400', '4900', '1700956800', 'Selvam', '', '100', 'SELVAM '),
(242, '1700179200', '7', '14', 'Mumbai, Maharashtra', 'Coimbatore, Tamil Nadu', 'Bhel', '21', '80850', '74850', '70150', '1700265600', '2450', '1900', '350', '1701129600', '6000', '1701129600', 'Selvam', '', '', 'SELVAM '),
(243, '1700265600', '15', '43', 'Pune, Maharashtra', 'Pondicherry, Puducherry', 'ONION', '30', '93000', '0', '', '1700352000', '', '', '', '1700697600', '89200', '1700697600', 'Manimaran', '', '', ''),
(244, '1700352000', '12', '12', 'Mumbai, Maharashtra', 'Salem, Tamil Nadu', 'Steel', '30', '96000', '91000', '87600', '1700438400', '2900', '500', '', '1701216000', '5000', '1701216000', 'Selvam', '', '', 'SELVAM '),
(245, '1700438400', '4', '12', 'Mumbai, Maharashtra', 'Dindigul, Tamil Nadu', 'COIL', '35', '127700', '122700', '118400', '1700524800', '3800', '500', '', '1701216000', '5000', '1701216000', 'Selvam', '', '', 'MANIMARAN '),
(246, '1700438400', '16', '3', 'Karur, Tamil Nadu', 'Chennai, Tamil Nadu', 'PAPER', '21', '18900', '17400', '17400', '1700697600', '', '', '', '1703030400', '4450', '1703030400', 'Manimaran GPAY', '', '', 'SELVAM'),
(247, '1700352000', '3', '6', 'Mettur, Tamil Nadu', 'Thane, Maharashtra', 'Steel', '35.2', '75850', '73400', '71000', '1700438400', '1200', '1200', '', '1703116800', '2350', '1703116800', 'Manimaran', '', '', 'MANIMARAN'),
(248, '1700611200', '9', '17', 'Karaikal, Puducherry', 'Bhavnagar, Gujarat', 'STEEL PIPE', '30', '99000', '89000', '83340', '1700697600', '3960', '1500', '200', '1702512000', '9900', '1702512000', 'Selvam', '', '', 'SELVAM'),
(249, '1700611200', '10', '17', 'Karaikal, Puducherry', 'Bhavnagar, Gujarat', 'STEEL PIPE', '30', '99000', '89000', '83340', '1700697600', '3960', '1500', '200', '1702512000', '9900', '1702512000', 'Selvam', '', '', 'SELVAM '),
(250, '1700611200', '3', '12', 'Mumbai, Maharashtra', 'Chennai, Tamil Nadu', 'dhal', '35', '114200', '53900', '50000', '1701216000', '3400', '500', '', '1701216000', '60300', '1701216000', 'Manimaran', '', '', 'MANIMARAN'),
(251, '1700611200', '7', '44', 'Coimbatore, Tamil Nadu', 'Panvel, Maharashtra', 'SCRAP', '25', '65000', '60000', '60000', '1700611200', '0', '0', '0', '1701475200', '1800', '1701475200', 'Manimaran', '', '', 'SELVAM '),
(252, '1700611200', '6', '3', 'Coimbatore, Tamil Nadu', 'Panvel, Maharashtra', 'TURMARIC', '21', '52000', '30000', '30000', '1700697600', '0', '0', '0', '1701043200', '22000', '1701043200', 'Manimaran', '', '', 'MANIMARAN'),
(253, '1700784000', '15', '3', 'Pondicherry, Puducherry', 'Erode, Tamil Nadu', 'POWDER', '30', '30000', '0', '', '1700870400', '', '', '', '1701043200', '30000', '1701043200', 'Manimaran', '', '', ''),
(254, '1700784000', '12', '46', 'Udumalaipettai, Tamil Nadu', 'Bhiwandi, Maharashtra', 'PAPER', '30', '75750', '65000', '65000', '1700784000', '', '', '', '1701734400', '3400', '1701734400', 'Vinoth kumar', '', '', 'VINOTHKUMAR');
INSERT INTO `lorry_details` (`id`, `load_date`, `lorry_no`, `office_no`, `from`, `to`, `load_type`, `weight`, `freight`, `advance_amt`, `advance_paid`, `advance_date`, `commission`, `loading_charge`, `mamul`, `delivery_date`, `payment_amt`, `payment_date`, `account_name`, `remarks`, `other_amt`, `account_name_ad`) VALUES
(255, '1700697600', '5', '3', 'Erode, Tamil Nadu', 'Bhiwandi, Maharashtra', 'PAPER', '21', '48000', '44500', '44500', '1700784000', '', '', '', '1702684800', '3400', '1702684800', 'Selvam', '', '', 'SELVAM'),
(256, '1700870400', '11', '33', 'Bilaspur, Chhattisgarh', 'Coimbatore, Tamil Nadu', 'Steel', '30', '128900', '100000', '100000', '1701129600', '0', '0', '0', '1702339200', '26940', '1702339200', 'Selvam', '', '', 'SELVAM '),
(257, '1700870400', '16', '11', 'Chennai, Tamil Nadu', 'Nagpur, Maharashtra', 'dhal', '30', '75000', '0', '', '1701043200', '', '', '', '1701302400', '41570', '1701302400', 'Selvam', '', '', ''),
(258, '1700956800', '15', '6', 'Mettur, Tamil Nadu', 'Mumbai, Maharashtra', 'Steel', '30', '65200', '64100', '62000', '1701129600', '1000', '1100', '0', '1703116800', '1000', '1703116800', 'Manimaran', '', '', 'MANIMARAN'),
(259, '1700784000', '4', '6', 'Mettur, Tamil Nadu', 'Mumbai, Maharashtra', 'Steel', '35', '70250', '68400', '66000', '1701043200', '1200', '1200', '0', '1703116800', '1750', '1703116800', 'Manimaran', '', '', 'MANIMARAN '),
(260, '1701043200', '5', '12', 'Mumbai, Maharashtra', 'Chennai, Tamil Nadu', 'Parcel', '21', '88000', '60000', '57400', '1701129600', '2600', '0', '0', '1701388800', '28000', '1701388800', 'Driver', '', '', 'SELVAM '),
(261, '1701043200', '8', '12', 'Mumbai, Maharashtra', 'Chennai, Tamil Nadu', 'Parcel', '21', '85000', '60000', '57500', '1701216000', '2500', '', '', '1701388800', '25000', '1701388800', 'Driver', '', '', 'SELVAM '),
(262, '1700870400', '6', '14', 'Mumbai, Maharashtra', 'Coimbatore, Tamil Nadu', 'Bhel', '21', '89250', '83250', '78300', '1700870400', '2670', '2280', '', '1701648000', '6000', '1701648000', 'Selvam', '', '', 'MANIMARAN '),
(263, '1700784000', '7', '5', 'Mumbai, Maharashtra', 'Coimbatore, Tamil Nadu', 'Bhel', '21', '84000', '79000', '74960', '1700956800', '2520', '1520', '', '1702857600', '6000', '1702857600', 'Selvam', '', '', 'MANIMARAN '),
(264, '1701043200', '3', '3', 'Chennai, Tamil Nadu', 'Salem, Tamil Nadu', 'POWDER', '35', '43750', '0', '', '1701043200', '', '', '', '1701216000', '42000', '1701216000', 'Manimaran', '', '1750', ''),
(265, '1701216000', '4', '27', 'Mumbai, Maharashtra', 'Karur, Tamil Nadu', 'COIL', '35', '126000', '121000', '116650', '1701734400', '3780', '570', '', '1702857600', '4920', '1702857600', 'Manimaran', '', '', 'MANIMARAN '),
(266, '1701216000', '15', '12', 'Mumbai, Maharashtra', 'Chennai, Tamil Nadu', 'BHEL', '25', '96200', '91200', '87800', '1701302400', '2900', '500', '', '1703116800', '5000', '1703116800', 'Selvam', '', '', 'MANIMARAN'),
(267, '1701216000', '7', '3', 'Erode, Tamil Nadu', 'Mumbai, Maharashtra', 'PAPER', '21', '52000', '48000', '47500', '1701216000', '500', '', '', '1702684800', '3900', '1702684800', 'Selvam', '', '', 'MANIMARAN'),
(268, '1701216000', '6', '3', 'Erode, Tamil Nadu', 'Mumbai, Maharashtra', 'JUICE', '25', '58000', '53000', '53000', '1701216000', '', '', '', '1702944000', '5000', '1702944000', 'Selvam', '', '', 'MANIMARAN'),
(269, '1701129600', '9', '32', 'Bhavnagar, Gujarat', 'Mysore, Karnataka', 'Bran', '30', '141000', '0', '', '1701216000', '', '', '', '1701475200', '141000', '1701475200', 'Manimaran', '', '', ''),
(270, '1701129600', '10', '32', 'Bhavnagar, Gujarat', 'Nelamangala, Karnataka', 'Bran', '30', '133500', '0', '', '1701302400', '', '', '', '1701475200', '133500', '1701475200', 'Selvam', '', '', ''),
(271, '1701043200', '12', '5', 'Mumbai, Maharashtra', 'Pondicherry, Puducherry', 'POWDER', '30', '108000', '103000', '98140', '1701129600', '3240', '1100', '520', '1702857600', '6060', '1702857600', 'Selvam', '', '', 'VINOTHKUMAR'),
(272, '1701302400', '8', '45', 'Chennai, Tamil Nadu', 'Pune, Maharashtra', 'machine', '21', '55000', '50000', '46920', '1701475200', '2200', '800', '80', '', '4900', '1704412800', 'Selvam', '', '', 'SELVAM'),
(273, '1701302400', '16', '39', 'Nagpur, Maharashtra', 'Pudukkottai, Tamil Nadu', 'POWDER', '30', '111000', '100000', '97800', '1701302400', '1600', '600', '', '1702339200', '11200', '1702339200', 'Selvam', '', '', 'SELVAM'),
(274, '1701388800', '5', '45', 'Chennai, Tamil Nadu', 'Pune, Maharashtra', 'Plywood ', '21', '56000', '51000', '47890', '1701475200', '2240', '870', '', '', '4900', '1704412800', 'Selvam', '', '', 'SELVAM '),
(275, '1701475200', '7', '14', 'Mumbai, Maharashtra', 'Coimbatore, Tamil Nadu', 'Bhel', '20', '90000', '84000', '79020', '1701561600', '2700', '1850', '430', '1702339200', '6800', '1702339200', 'Selvam', '', '', ''),
(276, '1701475200', '6', '12', 'Mumbai, Maharashtra', 'Coimbatore, Tamil Nadu', 'Bhel', '21', '86100', '81100', '78100', '1701561600', '2450', '550', '', '1703116800', '6450', '1703116800', 'Selvam', '', '', 'MANIMARAN '),
(278, '1701648000', '8', '14', 'Mumbai, Maharashtra', 'Udumalaipettai, Tamil Nadu', 'BHEL', '21', '84000', '78000', '73200', '1701648000', '2520', '1850', '430', '1702339200', '6850', '1702339200', 'Selvam', '', '', 'SELVAM '),
(279, '1701648000', '5', '14', 'Mumbai, Maharashtra', 'Udumalaipettai, Tamil Nadu', 'BHEL', '21', '90300', '84300', '79300', '1701648000', '2720', '1850', '430', '1702339200', '6820', '1702339200', 'Selvam', '', '', 'SELVAM '),
(280, '1701648000', '9', '3', 'Bengaluru, Karnataka', 'Palladam, Tamil Nadu', 'CORN', '30', '46500', '5000', '', '1701648000', '', '', '', '1701907200', '40000', '1701907200', 'Selvam', '', '', 'DRIVER'),
(281, '1701907200', '7', '3', 'Erode, Tamil Nadu', 'Bhiwandi, Maharashtra', 'PAPER', '21', '48500', '43500', '43500', '1701907200', '', '', '', '', '', '', '', '', '', 'SELVAM'),
(282, '1701907200', '5', '8', 'Erode, Tamil Nadu', 'Mumbai, Maharashtra', 'JUICE', '21', '58000', '53000', '53000', '1701907200', '', '', '', '', '5000', '1704758400', 'Selvam', '', '', 'DRIVER'),
(283, '1701820800', '6', '3', 'Mettur, Tamil Nadu', 'Bhiwandi, Maharashtra', 'BARREL', '21', '48000', '43000', '43000', '1701820800', '', '', '', '', '4900', '1704758400', 'Manimaran', '', '', 'DRIVER'),
(284, '1701475200', '10', '3', 'Nelamangala, Karnataka', 'Coimbatore, Tamil Nadu', 'Parcel', '30', '66400', '0', '', '1701475200', '', '', '', '1701734400', '64850', '1701734400', 'Selvam', '', '1800', ''),
(285, '1701734400', '12', '3', 'Pondicherry, Puducherry', 'Tiruppur, Tamil Nadu', 'POWDER', '30', '30000', '27000', '', '1701820800', '', '', '', '1702857600', '2250', '1702857600', 'Selvam', '', '', 'MANIMARAN'),
(286, '1701907200', '4', '6', 'Mettur, Tamil Nadu', 'Pune, Maharashtra', 'Steel', '35', '67850', '64400', '62000', '1701907200', '1200', '1200', '', '', '', '', '', '', '', 'MANIMARAN '),
(287, '1701475200', '3', '6', 'Mettur, Tamil Nadu', 'Mumbai, Maharashtra', 'Steel', '35', '74600', '73400', '71000', '1701648000', '1200', '1200', '', '1703116800', '1100', '1703116800', 'Manimaran', '', '', 'MANIMARAN '),
(288, '1701475200', '11', '6', 'Mettur, Tamil Nadu', 'Pune, Maharashtra', 'Steel', '30', '59300', '56200', '54300', '1701648000', '900', '1000', '', '1703116800', '3000', '1703116800', 'Manimaran', '', '', ''),
(289, '1701820800', '3', '12', 'Mumbai, Maharashtra', 'Coimbatore, Tamil Nadu', 'Steel', '35', '129500', '124500', '120100', '1701907200', '3900', '500', '', '1703116800', '5000', '1703116800', 'Selvam', '', '', 'MANIMARAN'),
(290, '1701820800', '10', '46', 'Udumalaipettai, Tamil Nadu', 'Bhiwandi, Maharashtra', 'PAPER', '30', '78000', '68650', '68650', '1701820800', '', '', '', '1702944000', '3500', '1702944000', 'Vinoth kumar', '', '', 'VINOTHKUMAR'),
(291, '1701907200', '8', '3', 'Erode, Tamil Nadu', 'Mumbai, Maharashtra', 'Plastic thana', '21', '63500', '31500', '52100', '1702080000', '', '', '', '1702339200', '32000', '1702339200', 'Selvam', '', '', 'SELVAM '),
(292, '1701907200', '11', '12', 'Mumbai, Maharashtra', 'Salem, Tamil Nadu', 'SCRAP', '30', '102000', '97000', '90500', '1701993600', '3000', '3500', '', '1703116800', '5000', '1703116800', 'Selvam', '', '', 'VINOTHKUMAR'),
(293, '1701907200', '15', '47', 'Pollachi, Tamil Nadu', 'Mumbai, Maharashtra', 'COCONUT', '30', '80000', '20000', '20000', '1701993600', '2000', '0', '0', '1702684800', '55000', '1702684800', 'Selvam', '', '', 'MANIMARAN '),
(294, '1700697600', '8', '8', 'Erode, Tamil Nadu', 'Mumbai, Maharashtra', 'JUICE', '21', '58000', '53000', '53000', '1700697600', '', '', '', '1702944000', '5000', '1702944000', 'Selvam', '', '', 'DRIVER'),
(295, '1702080000', '16', '46', 'Pollachi, Tamil Nadu', 'Kolhapur, Maharashtra', 'PAPER', '30', '60000', '52100', '52100', '1702080000', '', '', '', '1702944000', '3500', '1702944000', 'Vinoth kumar', '', '', 'VINOTHKUMAR'),
(296, '1702252800', '6', '14', 'Mumbai, Maharashtra', 'Vellakoil, Tamil Nadu', 'BHEL', '21', '88200', '82200', '77200', '1702252800', '2650', '1850', '430', '1703116800', '6800', '1703116800', 'Selvam', '', '', 'SELVAM '),
(297, '1702252800', '9', '47', 'Pollachi, Tamil Nadu', 'Mumbai, Maharashtra', 'COCONUT', '30', '80000', '20000', '20000', '1702339200', '', '', '', '1702684800', '55000', '1702684800', 'Selvam', '', '', 'SELVAM'),
(298, '1702166400', '10', '12', 'Mumbai, Maharashtra', 'Chennai, Tamil Nadu', 'Steel', '30', '108000', '103000', '99300', '1702252800', '3200', '500', '', '1703116800', '5000', '1703116800', 'Selvam', '', '', 'SELVAM '),
(299, '1702166400', '7', '12', 'Mumbai, Maharashtra', 'Chennai, Tamil Nadu', 'Steel', '24', '97200', '92200', '88900', '1702252800', '2900', '400', '', '1703116800', '5000', '1703116800', 'Selvam', '', '', 'SELVAM '),
(300, '1702252800', '11', '35', 'Erode, Tamil Nadu', 'Perumbavoor, Kerala', 'CHIC FEED', '35', '31500', '0', '', '1702339200', '', '', '', '1702512000', '31500', '1702512000', 'Selvam', '', '', ''),
(301, '1701993600', '12', '6', 'Mettur, Tamil Nadu', 'Pune, Maharashtra', 'Steel', '30', '58240', '56900', '55000', '1701993600', '900', '1000', '', '', '', '', '', '', '', 'VINOTHKUMAR'),
(302, '1702252800', '16', '24', 'Sangli, Maharashtra', 'Pollachi, Tamil Nadu', 'wheat', '30', '79500', '0', '', '1702512000', '', '', '', '1702512000', '82700', '1702512000', 'Selvam', '', '', ''),
(303, '1702252800', '3', '47', 'Pollachi, Tamil Nadu', 'Mumbai, Maharashtra', 'COCONUT', '28', '80000', '0', '', '1702684800', '', '', '', '1702684800', '75000', '1702684800', 'Selvam', '', '', ''),
(304, '1701388800', '15', '17', 'Chennai, Tamil Nadu', 'Erode, Tamil Nadu', 'POWDER', '30', '33000', '29000', '25980', '1701820800', '1750', '1270', '', '1702512000', '3900', '1702512000', 'Selvam', '', '', 'SELVAM '),
(305, '1702339200', '4', '27', 'Tarapur, Maharashtra', 'Coimbatore, Tamil Nadu', 'Steel', '35', '129500', '124500', '120000', '1702425600', '3740', '760', '', '1702944000', '4920', '1702944000', 'Manimaran', '', '', 'MANIMARAN'),
(306, '1702339200', '5', '14', 'Mumbai, Maharashtra', 'Coimbatore, Tamil Nadu', 'BHEL', '21', '84000', '78000', '73200', '1702339200', '2520', '1850', '430', '1703116800', '7500', '1703116800', 'Selvam', '', '', 'SELVAM '),
(307, '1702339200', '8', '48', 'Vapi, Gujarat', 'Salem, Tamil Nadu', 'BHEL', '25', '105500', '98500', '94600', '1702425600', '2640', '1260', '', '1704412800', '8700', '1704412800', 'Vinoth kumar', '', '', 'VINOTHKUMAR'),
(308, '1702339200', '7', '17', 'Chennai, Tamil Nadu', 'Coimbatore, Tamil Nadu', 'PALLET', '26', '34000', '29000', '27640', '1702425600', '1360', '0', '0', '1702598400', '3950', '1705881600', '', '', '', 'SELVAM '),
(309, '1702425600', '15', '14', 'Mumbai, Maharashtra', 'Erode, Tamil Nadu', 'POWDER', '30', '105000', '98000', '92320', '1702512000', '3150', '2000', '530', '1703116800', '7000', '1703116800', 'Selvam', '', '', 'SELVAM'),
(310, '1702512000', '7', '3', 'Coimbatore, Tamil Nadu', 'Mumbai, Maharashtra', 'SCRAP', '21', '64000', '46000', '43900', '1702598400', '', '2100', '', '1702684800', '18000', '1702684800', 'Driver', '', '', 'SELVAM'),
(311, '1702512000', '10', '45', 'Chennai, Tamil Nadu', 'Davanagere, Karnataka', 'POWDER', '30', '48000', '43665', '43665', '1702684800', '', '', '', '', '4000', '1704412800', 'Selvam', 'F31621685', '', 'SELVAM '),
(312, '1702425600', '11', '3', 'Perumbavoor, Kerala', 'Mumbai, Maharashtra', 'Plywood ', '29.3', '82300', '0', '', '1702512000', '', '', '', '1702771200', '82300', '1702771200', 'Selvam', '', '', ''),
(313, '1702512000', '12', '12', 'Mumbai, Maharashtra', 'Pondicherry, Puducherry', 'Parcel', '30', '126000', '121000', '112200', '1702598400', '3700', '5100', '', '', '', '', '', '', '', 'SELVAM '),
(314, '1702598400', '6', '3', 'Mettur, Tamil Nadu', 'Bhiwandi, Maharashtra', 'POWDER', '21', '50000', '45000', '45000', '1702598400', '', '', '', '', '4900', '1704758400', 'Manimaran', '', '', 'DRIVER'),
(315, '1702598400', '9', '12', 'Mumbai, Maharashtra', 'Madurai, Tamil Nadu', 'Dhal', '30', '117000', '0', '', '1702684800', '', '', '', '1702944000', '117350', '1702944000', 'Selvam', '', '', ''),
(316, '1702684800', '3', '12', 'Mumbai, Maharashtra', 'Madurai, Tamil Nadu', 'Dhal', '35', '133000', '0', '', '1702771200', '', '', '', '1702944000', '133000', '1702944000', 'Manimaran', '', '', ''),
(317, '1702684800', '15', '3', 'Palakkad, Kerala', 'Agra, Uttar Pradesh', 'BOTTLE', '30', '125000', '25000', '2000', '1702857600', '3000', '2000', '', '1703203200', '100000', '1703203200', 'Manimaran GPAY', '', '', 'MANIMARAN'),
(318, '1702771200', '4', '3', 'Erode, Tamil Nadu', 'Mumbai, Maharashtra', 'PAPER', '35', '62000', '57000', '57000', '1703030400', '', '', '', '', '', '', '', '', '', 'MANIMARAN'),
(319, '1702771200', '8', '3', 'Krishnagiri, Tamil Nadu', 'Pune, Maharashtra', 'IRON DUST', '24', '51000', '30000', '', '1702857600', '', '', '', '1703116800', '21000', '1703116800', 'Driver', '', '', 'VINOTHKUMAR'),
(320, '1702771200', '5', '3', 'Coimbatore, Tamil Nadu', 'Ahmedabad, Gujarat', 'IRON DUST', '21', '71000', '31000', '28500', '1702857600', '', '2500', '', '1703116800', '40000', '1703116800', 'Driver', '', '', 'SELVAM '),
(321, '1702684800', '10', '35', 'Davanagere, Karnataka', 'Palani, Tamil Nadu', 'CORN', '30', '56600', '20000', '20000', '1702684800', '', '', '', '1703030400', '36580', '1703030400', 'Selvam', '', '', 'DRIVER'),
(322, '1702857600', '16', '31', 'Dalmiapuram, Tamil Nadu', 'Jamnagar, Gujarat', 'POWDER', '30', '90000', '60000', '59250', '1703030400', '', '750', '', '1704326400', '27650', '1704326400', 'Selvam', '', '2350', 'SELVAM '),
(323, '1702857600', '11', '27', 'Mumbai, Maharashtra', 'Erode, Tamil Nadu', 'POWDER', '30', '108000', '103000', '98190', '1703030400', '3100', '1720', '', '1703203200', '4920', '1703203200', 'Selvam', '', '80', 'MANIMARAN'),
(325, '1702857600', '7', '5', 'Mumbai, Maharashtra', 'Erode, Tamil Nadu', 'BHEL', '21', '84000', '79000', '75860', '1702944000', '2520', '620', '', '1704240000', '4900', '1704240000', 'Selvam', '', '100', 'SELVAM'),
(326, '1702944000', '6', '5', 'Vapi, Gujarat', 'Coimbatore, Tamil Nadu', 'BHEL', '25', '102500', '97500', '97500', '1703030400', '', '', '', '1704240000', '4900', '1704240000', 'Selvam', '', '100', 'MANIMARAN'),
(327, '1702684800', '16', '3', 'Pollachi, Tamil Nadu', 'Thuraiyur, Tamil Nadu', 'E.POST', '30', '18200', '0', '', '1702684800', '', '', '', '1702857600', '18200', '1702771200', 'Selvam', '', '', ''),
(328, '1703030400', '9', '31', 'Tiruchirappalli, Tamil Nadu', 'Jamnagar, Gujarat', 'POWDER', '30', '90000', '60000', '59250', '1703116800', '', '', '', '1704326400', '27650', '1704326400', 'Selvam', '', '2350', 'SELVAM '),
(329, '1703030400', '8', '51', 'Mumbai, Maharashtra', 'Erode, Tamil Nadu', 'BHEL', '21', '85050', '80050', '77130', '1703203200', '2550', '370', '', '1704412800', '7920', '1704412800', 'Selvam', '', '', ''),
(331, '1702944000', '3', '52', 'Madurai, Tamil Nadu', 'Ahmedabad, Gujarat', 'MARBLE', '31', '114000', '', '', '', '', '', '', '', '', '', '', '', '', ''),
(332, '1703030400', '10', '35', 'Pollachi, Tamil Nadu', 'Kurnool, Andhra Pradesh', 'E.POST', '30', '38400', '0', '', '1703116800', '', '', '', '1703462400', '37400', '1703462400', 'Selvam', '', '', ''),
(333, '1703116800', '4', '51', 'Mumbai, Maharashtra', 'Coimbatore, Tamil Nadu', 'Parcel', '35', '145250', '140250', '133830', '1703289600', '4360', '2070', '', '1704412800', '5000', '1704412800', 'Manimaran', '', '', 'MANIMARAN'),
(334, '1703116800', '7', '3', 'Erode, Tamil Nadu', 'Sangli, Maharashtra', 'Cow', '10', '40000', '0', '', '1703203200', '', '', '', '1703203200', '40000', '1703203200', 'Driver', '', '', ''),
(335, '1703030400', '12', '53', 'Pondicherry, Puducherry', 'Tarapur, Maharashtra', 'SCRAP', '30', '78000', '68000', '64190', '1703030400', '2000', '1800', '', '', '9800', '1704844800', 'Vinoth kumar', 'EDQ24587025', '', 'VINOTHKUMAR'),
(336, '1703116800', '5', '55', 'Ahmedabad, Gujarat', 'Chennai, Tamil Nadu', 'CHAIR', '25', '117500', '100000', '100000', '1703289600', '', '', '', '1703808000', '13800', '1704412800', 'Selvam', 'MAA573857513', '', 'SELVAM'),
(337, '1703289600', '7', '54', 'Solapur, Maharashtra', 'Coimbatore, Tamil Nadu', 'ONION', '24.5', '85050', '0', '', '1703289600', '', '', '', '1703548800', '85050', '1703548800', 'Driver', '', '', ''),
(338, '1703376000', '15', '58', 'Agra, Uttar Pradesh', 'Tiruchirappalli, Tamil Nadu', 'POTATO', '30', '171000', '0', '', '1703721600', '', '', '', '1704326400', '171500', '1704326400', 'Manimaran', '', '', ''),
(339, '1703376000', '11', '59', 'Erode, Tamil Nadu', 'Mumbai, Maharashtra', 'TEXTILES', '30', '75000', '70000', '70000', '1703462400', '', '', '', '1704240000', '5000', '1704240000', 'Selvam', '', '', 'SELVAM '),
(340, '1703462400', '12', '12', 'Tarapur, Maharashtra', 'Tiruppur, Tamil Nadu', 'Steel', '30', '114000', '109000', '105100', '1703548800', '3400', '500', '', '', '', '', '', '', '', 'SELVAM'),
(341, '1703462400', '6', '3', 'Coimbatore, Tamil Nadu', 'Mumbai, Maharashtra', 'SCRAP', '21', '55500', '48000', '48000', '1703548800', '', '', '', '', '7500', '1704758400', 'Selvam', '', '', 'MANIMARAN'),
(342, '1703462400', '16', '32', 'Porbandar, Gujarat', 'Rajahmundry, Andhra Pradesh', 'POWDER', '30', '135000', '125000', '122000', '1703548800', '2700', '350', '', '', '9900', '1704758400', 'Selvam', '', '', 'SELVAM '),
(343, '1703462400', '9', '32', 'Porbandar, Gujarat', 'Rajahmundry, Andhra Pradesh', 'POWDER', '30', '135540', '125540', '122000', '1703548800', '2710', '350', '', '', '9900', '1704758400', 'Selvam', '', '', 'SELVAM '),
(344, '1703462400', '10', '60', 'Nandyal, Andhra Pradesh', 'Theni Allinagaram, Tamil Nadu', 'Dhal', '30', '79500', '20000', '20000', '1703721600', '', '', '', '1703721600', '58905', '1703721600', 'Selvam', '', '', 'DRIVER'),
(345, '1703635200', '8', '3', 'Erode, Tamil Nadu', 'Ichalkaranji, Maharashtra', 'CONE BAG', '21', '35000', '20000', '20000', '1703721600', '', '', '', '1704153600', '15000', '1704153600', 'Vinoth kumar', '', '', 'VINOTHKUMAR'),
(346, '1703721600', '11', '51', 'Mumbai, Maharashtra', 'Coimbatore, Tamil Nadu', 'BHEL', '30', '110000', '105000', '101230', '1703808000', '3300', '420', '', '1704412800', '7100', '1704412800', 'Selvam', '', '', 'SELVAM '),
(347, '1703721600', '3', '57', 'Ahmedabad, Gujarat', 'Chennai, Tamil Nadu', 'Parcel', '35', '164500', '0', '', '1703980800', '', '', '', '', '164500', '1704499200', 'Manimaran', '', '', ''),
(348, '1703635200', '5', '23', 'Chennai, Tamil Nadu', 'Pune, Maharashtra', 'Plywood ', '21', '52500', '47000', '44900', '1703635200', '2100', '', '', '', '', '', '', '', '', 'SELVAM'),
(349, '1703808000', '6', '12', 'Mumbai, Maharashtra', 'Chennai, Tamil Nadu', 'Parcel', '23', '95000', '55000', '52200', '1703808000', '2800', '', '', '', '40000', '1703980800', 'Driver', '', '', 'MANIMARAN'),
(350, '1703808000', '4', '12', 'Coimbatore, Tamil Nadu', 'Mumbai, Maharashtra', 'TEXTILES', '27', '78100', '50000', '', '1703980800', '', '', '', '1704153600', '28100', '1704153600', 'Selvam', '', '', 'MANIMARAN'),
(351, '1703808000', '7', '3', 'Vepadai, Tamil Nadu', 'Bhiwandi, Maharashtra', 'CONE BAG', '21', '57000', '54000', '54000', '1703808000', '', '', '', '', '', '', '', '', '', 'SELVAM'),
(352, '1703808000', '10', '3', 'Perundurai, Tamil Nadu', 'Mumbai, Maharashtra', 'POWDER', '15', '54000', '0', '', '1703808000', '', '', '', '1703808000', '54000', '1703808000', 'Selvam', '', '', ''),
(353, '1703808000', '12', '3', 'Pollachi, Tamil Nadu', 'Jamnagar, Gujarat', 'COCONUT', '30', '95000', '0', '', '1704067200', '', '', '', '1704240000', '97000', '1704240000', 'Vinoth kumar', '', '', ''),
(354, '1703808000', '8', '37', 'Solapur, Maharashtra', 'Pollachi, Tamil Nadu', 'ONION', '25', '77500', '0', '', '1703980800', '', '', '', '1704153600', '75000', '1704153600', 'Manimaran', 'coolie 2500', '', ''),
(355, '1703894400', '16', '61', 'Mandapeta, Andhra Pradesh', 'Chennai, Tamil Nadu', 'RICE', '30', '52500', '20000', '17700', '1703980800', '1100', '2300', '', '1704153600', '3144', '1704153600', 'Selvam', '', '1100', 'DRIVER'),
(356, '1703894400', '9', '61', 'Mandapeta, Andhra Pradesh', 'Chennai, Tamil Nadu', 'RICE', '30', '52500', '20000', '17700', '1703980800', '1100', '2300', '', '1704153600', '3144', '1704153600', 'Selvam', '', '1100', 'DRIVER'),
(357, '1703894400', '7', '51', 'Mumbai, Maharashtra', 'Udumalaipettai, Tamil Nadu', 'BHEL', '21', '98700', '93700', '90270', '1703894400', '2960', '470', '', '', '7810', '1705017600', 'Selvam', '', '', 'SELVAM'),
(358, '1703894400', '5', '51', 'Mumbai, Maharashtra', 'Coimbatore, Tamil Nadu', 'BHEL', '21', '95550', '90550', '87210', '1703894400', '2870', '470', '', '', '7700', '1705017600', 'Selvam', '', '', 'SELVAM'),
(359, '1704067200', '6', '23', 'Chennai, Tamil Nadu', 'Pune, Maharashtra', 'Plywood ', '25', '56000', '50000', '47760', '1704067200', '2240', '', '', '', '', '', '', '', '', 'MANIMARAN '),
(360, '1704067200', '10', '12', 'Mumbai, Maharashtra', 'Namakkal, Tamil Nadu', 'POWDER', '30', '106500', '101500', '97800', '1704067200', '3200', '500', '', '', '', '', '', '', '', 'SELVAM '),
(361, '1704067200', '4', '12', 'Mumbai, Maharashtra', 'Namakkal, Tamil Nadu', 'POWDER', '35', '124200', '119200', '115000', '1704067200', '3700', '500', '', '', '', '', '', '', '', 'MANIMARAN'),
(362, '1704067200', '11', '64', 'Coimbatore, Tamil Nadu', 'Chennai, Tamil Nadu', 'POWDER', '24', '27600', '23400', '23400', '1704067200', '', '', '', '', '', '', '', '', '', 'SELVAM '),
(363, '1704153600', '16', '11', 'Chennai, Tamil Nadu', 'Solapur, Maharashtra', 'DHAL', '30', '57000', '', '', '', '', '', '', '', '', '', '', '', '', ''),
(364, '1704240000', '9', '11', 'Chennai, Tamil Nadu', 'Solapur, Maharashtra', 'DHAL', '30', '57000', '', '', '', '', '', '', '', '', '', '', '', '', ''),
(365, '1704240000', '15', '51', 'Mumbai, Maharashtra', 'Salem, Tamil Nadu', 'Bhel', '30', '95000', '90000', '86680', '1704326400', '2850', '470', '', '', '5000', '1705017600', 'Manimaran', '', '', 'MANIMARAN'),
(366, '1704326400', '3', '68', 'Chennai, Tamil Nadu', 'Mumbai, Maharashtra', 'POWDER', '30', '76000', '71000', '67670', '1704499200', '3040', '290', '', '', '', '', '', '', '', 'MANIMARAN '),
(367, '1704326400', '4', '47', 'Pollachi, Tamil Nadu', 'Mumbai, Maharashtra', 'COCONUT', '28', '80000', '0', '', '1704326400', '', '', '', '', '75000', '1705276800', 'Selvam', '', '', ''),
(368, '1704326400', '10', '47', 'Pollachi, Tamil Nadu', 'Mumbai, Maharashtra', 'COCONUT', '28', '80000', '0', '', '1704672000', '', '', '', '', '75000', '1705276800', 'Selvam', '', '', ''),
(369, '1704326400', '6', '67', 'Mumbai, Maharashtra', 'Madurai, Tamil Nadu', 'ONION', '25', '105000', '0', '', '1704844800', '', '', '', '', '105000', '1704844800', 'Manimaran', '', '', ''),
(370, '1704326400', '11', '32', 'Chennai, Tamil Nadu', 'Mumbai, Maharashtra', 'POWDER', '30', '78000', '73000', '68150', '1704326400', '2850', '2000', '', '', '', '', '', '', '', 'SELVAM'),
(371, '1704240000', '5', '64', 'Coimbatore, Tamil Nadu', 'Chennai, Tamil Nadu', 'machine', '7', '18000', '14000', '14000', '1704326400', '', '', '', '', '', '', '', '', '', 'DRIVER'),
(372, '1704067200', '15', '3', 'Krishnagiri, Tamil Nadu', 'Mumbai, Maharashtra', 'IRON DUST', '27', '58000', '33000', '33000', '1704153600', '', '', '', '1704240000', '25000', '1704240000', 'Driver', '', '', 'SELVAM '),
(373, '1704412800', '7', '3', 'Mettur, Tamil Nadu', 'Bhiwandi, Maharashtra', 'POWDER', '21', '51000', '47000', '47000', '1704499200', '', '', '', '', '', '', '', '', '', 'SELVAM'),
(374, '1704499200', '12', '69', 'Morvi, Gujarat', 'Erode, Tamil Nadu', 'TILES', '30', '156000', '50000', '50000', '1704585600', '', '', '', '', '105000', '1704931200', 'Vinoth kumar', '', '', 'VINOTHKUMAR'),
(375, '1704585600', '5', '3', 'Chennai, Tamil Nadu', 'Mumbai, Maharashtra', 'IRON DUST', '25', '67500', '40000', '40000', '1704672000', '', '', '', '', '27500', '1704931200', 'Manimaran', '', '', 'MANIMARAN '),
(376, '1704672000', '3', '51', 'Tarapur, Maharashtra', 'Karur, Tamil Nadu', 'Steel', '35', '133000', '128000', '123440', '1704758400', '4000', '560', '', '', '', '', '', '', '', 'MANIMARAN'),
(377, '1704672000', '11', '51', 'Bhiwandi, Maharashtra', 'Salem, Tamil Nadu', 'POWDER', '30', '111000', '106000', '101400', '1704672000', '3180', '1420', '', '', '', '', '', '', '', 'SELVAM'),
(378, '1704672000', '16', '67', 'Solapur, Maharashtra', 'Erode, Tamil Nadu', 'SOYA BRAN', '30', '96000', '0', '', '1704844800', '', '', '', '', '92850', '1705104000', 'Selvam', '', '', ''),
(379, '1704844800', '15', '3', 'Mettur, Tamil Nadu', 'Mumbai, Maharashtra', 'POWDER', '21', '53000', '48000', '48000', '1704931200', '', '', '', '', '', '', '', '', '', 'DRIVER'),
(381, '1704844800', '4', '12', 'Mumbai, Maharashtra', 'Coimbatore, Tamil Nadu', 'Steel', '35', '136500', '131500', '126900', '1704931200', '4100', '500', '', '', '', '', '', '', '', 'SELVAM'),
(382, '1704758400', '7', '5', 'Mumbai, Maharashtra', 'Erode, Tamil Nadu', 'Bhel', '21', '84000', '79000', '75060', '1704758400', '2520', '1420', '', '', '', '', '', '', '', 'SELVAM'),
(384, '1704844800', '6', '3', 'Theni Allinagaram, Tamil Nadu', 'Mumbai, Maharashtra', 'GARLIC', '18', '60000', '30000', '30000', '1704931200', '1500', '', '', '', '35000', '1705104000', 'Driver', '', '', ''),
(385, '1704931200', '7', '3', 'Erode, Tamil Nadu', 'Sangli, Maharashtra', 'Cow', '10', '33000', '10000', '10000', '1705017600', '', '', '', '', '23000', '1705017600', 'Driver', '', '', 'SELVAM '),
(386, '1704931200', '8', '3', 'Coimbatore, Tamil Nadu', 'Mumbai, Maharashtra', 'SCRAP', '25', '60000', '30000', '30000', '1704931200', '', '', '', '', '30000', '1705017600', 'Driver', '', '', 'SELVAM'),
(387, '1704758400', '9', '67', 'Solapur, Maharashtra', 'Coimbatore, Tamil Nadu', 'Bran', '30', '105000', '0', '', '1704931200', '', '', '', '', '105150', '1704931200', 'Selvam', '', '', ''),
(388, '1704931200', '12', '3', 'Coimbatore, Tamil Nadu', 'Pune, Maharashtra', 'IRON DUST', '30', '72000', '30000', '', '1705104000', '', '', '', '', '42000', '1705190400', 'Driver', '', '', 'SELVAM'),
(389, '1705017600', '7', '37', 'Belagavi, Karnataka', 'Vepadai, Tamil Nadu', 'BHEL', '18', '37000', '36000', '36000', '1705190400', '', '', '', '', '', '', '', '', '', 'SELVAM'),
(390, '1705017600', '11', '3', 'Salem, Tamil Nadu', 'Chennai, Tamil Nadu', 'CANE', '21', '21000', '0', '', '1705104000', '', '', '', '', '21000', '1705104000', 'Driver', '', '', ''),
(391, '1705104000', '8', '12', 'Mumbai, Maharashtra', 'Pollachi, Tamil Nadu', 'BHEL', '21', '84000', '79000', '76100', '1705276800', '2520', '380', '', '', '', '', '', '', '', 'SELVAM'),
(392, '1705104000', '15', '5', 'Mumbai, Maharashtra', 'Coimbatore, Tamil Nadu', 'TIN PLATE', '30', '118500', '113500', '108020', '1705104000', '3555', '1925', '', '', '', '', '', '', '', ''),
(393, '1705104000', '10', '12', 'Mumbai, Maharashtra', 'Coimbatore, Tamil Nadu', 'Parcel', '30', '124000', '63500', '57300', '1705104000', '3700', '2500', '', '', '', '', '', '', '', ''),
(394, '1704931200', '5', '51', 'Mumbai, Maharashtra', 'Coimbatore, Tamil Nadu', 'BHEL', '21', '90000', '84250', '81200', '1705017600', '2680', '370', '', '', '', '', '', '', '', 'SELVAM'),
(395, '1705104000', '3', '35', 'Erode, Tamil Nadu', 'Perumbavoor, Kerala', 'CHIC FEED', '35', '29050', '0', '', '1705449600', '', '', '', '', '29750', '1705276800', 'Manimaran', '', '', ''),
(396, '1705276800', '12', '12', 'Mumbai, Maharashtra', 'Coimbatore, Tamil Nadu', 'BHEL', '30', '121500', '100000', '96400', '1705276800', '3600', '', '', '', '', '', '', '', '', 'SELVAM'),
(397, '1705363200', '3', '3', 'Perumbavoor, Kerala', 'Pune, Maharashtra', 'Plywood ', '30', '80000', '', '', '', '', '', '', '', '', '', '', '', '', ''),
(398, '1705363200', '6', '12', 'Mumbai, Maharashtra', 'Chennai, Tamil Nadu', 'Parcel', '21', '85000', '70000', '70000', '1705363200', '', '', '', '', '', '', '', '', '', 'MANIMARAN'),
(399, '1705449600', '8', '3', 'Coimbatore, Tamil Nadu', 'Perundurai, Tamil Nadu', 'ALUMINIUM ', '25', '10000', '0', '', '1705622400', '500', '500', '', '', '9250', '1705622400', 'Vinoth kumar', '', '', ''),
(401, '1705536000', '8', '3', 'Erode, Tamil Nadu', 'Sangli, Maharashtra', 'Cow', '10', '40000', '0', '', '1705622400', '', '', '', '', '40000', '1705622400', 'Driver', '', '', ''),
(402, '1705363200', '16', '8', 'Erode, Tamil Nadu', 'Mumbai, Maharashtra', 'JUICE', '21', '58000', '53000', '53000', '1705363200', '', '', '', '', '', '', '', '', '', 'DRIVER'),
(403, '1705449600', '11', '11', 'Chennai, Tamil Nadu', 'Nagpur, Maharashtra', 'DHAL', '30', '63000', '', '', '', '', '', '', '', '', '', '', '', '', ''),
(404, '1705276800', '5', '3', 'Mettur, Tamil Nadu', 'Mumbai, Maharashtra', 'IRON DUST', '21', '52000', '47000', '45000', '1705363200', '', '1500', '', '', '', '', '', '', '', 'SELVAM '),
(405, '1705622400', '16', '51', 'Mumbai, Maharashtra', 'Coimbatore, Tamil Nadu', 'TILES', '30', '121500', '116500', '112780', '1705622400', '3650', '70', '', '', '', '', '', '', '', ''),
(406, '1705536000', '6', '23', 'Chennai, Tamil Nadu', 'Palladam, Tamil Nadu', 'POWDER', '25', '38640', '36640', '32840', '1705708800', '1550', '2250', '', '', '', '', '', '', '', 'MANIMARAN'),
(407, '1705536000', '5', '51', 'Mumbai, Maharashtra', 'Udumalaipettai, Tamil Nadu', 'BHEL', '21', '86100', '81100', '77050', '1705622400', '2600', '1350', '', '', '', '', '', '', '', 'SELVAM'),
(408, '1705536000', '15', '3', 'Udumalaipettai, Tamil Nadu', 'Mumbai, Maharashtra', 'PAPER', '30', '73000', '64000', '64000', '1705622400', '', '', '', '', '', '', '', '', '', 'MANIMARAN'),
(409, '1705622400', '10', '3', 'Perundurai, Tamil Nadu', 'Mumbai, Maharashtra', 'POWDER', '30', '54000', '0', '', '1705622400', '', '', '', '', '55000', '1705622400', 'Selvam', '', '', ''),
(410, '1705622400', '7', '3', 'Erode, Tamil Nadu', 'Bhiwandi, Maharashtra', 'PAPER', '21', '48000', '43000', '43000', '1705622400', '', '', '', '', '', '', '', '', '', 'SELVAM '),
(411, '1705622400', '8', '54', 'Solapur, Maharashtra', 'Pollachi, Tamil Nadu', 'ONION', '25', '90300', '0', '', '1705708800', '', '', '', '', '90300', '1705622400', 'Selvam', '', '', ''),
(412, '1705622400', '4', '6', 'Mettur, Tamil Nadu', 'Nashik, Maharashtra', 'Steel', '35.5', '70950', '64300', '62000', '1705708800', '1200', '1100', '', '', '', '', '', '', '', 'MANIMARAN '),
(413, '1705881600', '4', '74', 'Nashik, Maharashtra', 'Theni Allinagaram, Tamil Nadu', 'wheat', '35', '143500', '', '', '', '', '', '', '', '', '', '', '', '', ''),
(414, '1705276800', '9', '6', 'Mettur, Tamil Nadu', 'Mumbai, Maharashtra', 'Steel', '30', '64500', '61300', '', '1705708800', '', '', '', '', '', '', '', '', '', ''),
(415, '1705881600', '11', '39', 'Nagpur, Maharashtra', 'Coimbatore, Tamil Nadu', 'Steel', '30', '96000', '85000', '82800', '1705881600', '1600', '600', '', '', '', '', '', '', '', 'SELVAM '),
(416, '1705881600', '7', '51', 'Mumbai, Maharashtra', 'Erode, Tamil Nadu', 'BHEL', '21', '84000', '79000', '76110', '1705968000', '2520', '370', '', '', '', '', '', '', '', ''),
(417, '1705708800', '6', '64', 'Coimbatore, Tamil Nadu', 'HOSKOTE, KARNATAKA', 'POWDER', '25', '24950', '21750', '20850', '1705795200', '900', '', '', '', '', '1705795200', '', '', '', 'MANIMARAN '),
(418, '1705968000', '8', '3', 'Mettur, Tamil Nadu', 'Bhiwandi, Maharashtra', 'IRON DUST', '21', '49000', '', '', '', '', '', '', '', '', '', '', '', '', ''),
(419, '1705968000', '10', '51', 'Mumbai, Maharashtra', 'Coimbatore, Tamil Nadu', 'Bhel', '30', '114000', '', '', '', '', '', '', '', '', '', '', '', '', ''),
(420, '1705968000', '3', '5', 'Tarapur, Maharashtra', 'Coimbatore, Tamil Nadu', 'Steel', '35', '140000', '', '', '', '', '', '', '', '', '', '', '', '', ''),
(421, '1705968000', '15', '51', 'Mumbai, Maharashtra', 'Erode, Tamil Nadu', 'Bhel', '30', '114000', '', '', '', '', '', '', '', '', '', '', '', '', ''),
(422, '1705968000', '9', '51', 'Mumbai, Maharashtra', 'Hosur', 'Bhel', '30', '108000', '', '', '', '', '', '', '', '', '', '', '', '', '');

-- --------------------------------------------------------

--
-- Table structure for table `lorry_no`
--

CREATE TABLE `lorry_no` (
  `id` int(11) NOT NULL,
  `number` varchar(100) DEFAULT NULL,
  `wheels` varchar(100) DEFAULT NULL
) ENGINE=InnoDB DEFAULT CHARSET=utf8mb4;

--
-- Dumping data for table `lorry_no`
--

INSERT INTO `lorry_no` (`id`, `number`, `wheels`) VALUES
(3, 'TN86 H8289', '16 Wheel '),
(4, 'TN86 H8199', '16 Wheel '),
(5, 'TN86 D0829', '12 Wheel '),
(6, 'TN86 D8884', '12 Wheel '),
(7, 'TN86 C5699', '12 Wheel '),
(8, 'TN86 E5058', '12 Wheel '),
(9, 'TN34 MA5699', '14 Wheel'),
(10, 'TN34 MA6199', '14 Wheel'),
(11, 'TN34 MA9249', '14 Wheel'),
(12, 'TN34 MA9429', '14 Wheel'),
(15, 'TN 34 AH 5595', '14 WHEEL'),
(16, 'TN 34 MB 0699', '14 WHEEL'),
(17, 'TN 34 MB 0969', '14 WHEEL');

-- --------------------------------------------------------

--
-- Table structure for table `maintenance`
--

CREATE TABLE `maintenance` (
  `id` int(11) NOT NULL,
  `lorry_no` varchar(100) DEFAULT NULL,
  `lm_date` varchar(100) DEFAULT NULL,
  `odometer` varchar(100) DEFAULT NULL,
  `services` varchar(5000) DEFAULT NULL,
  `remarks` varchar(5000) DEFAULT NULL
) ENGINE=InnoDB DEFAULT CHARSET=latin1;

--
-- Dumping data for table `maintenance`
--

INSERT INTO `maintenance` (`id`, `lorry_no`, `lm_date`, `odometer`, `services`, `remarks`) VALUES
(1, '9', '1693440000', '80059', '[{\"1\":false},{\"2\":true},{\"4\":false},{\"5\":true},{\"6\":true},{\"7\":false},{\"8\":true},{\"9\":false}]', NULL),
(3, '7', '1695168000', '698766', '[{\"1\":false},{\"2\":false},{\"4\":false},{\"5\":false},{\"6\":false},{\"7\":false},{\"8\":false},{\"9\":true}]', NULL),
(4, '12', '1696204800', '26452', '[{\"1\":true},{\"2\":false},{\"4\":false},{\"5\":false},{\"6\":false},{\"7\":false},{\"8\":false},{\"9\":false},{\"10\":false},{\"11\":false},{\"12\":false}]', NULL),
(5, '10', '1694131200', '80579', '[{\"1\":false},{\"2\":true},{\"4\":false},{\"5\":true},{\"6\":true},{\"7\":false},{\"8\":true},{\"9\":false},{\"10\":true},{\"11\":true}]', NULL),
(6, '6', '1695859200', '571358', '[{\"1\":false},{\"2\":false},{\"4\":false},{\"5\":false},{\"6\":false},{\"7\":false},{\"8\":false},{\"9\":false},{\"10\":false},{\"11\":false},{\"12\":true}]', NULL),
(7, '11', '1696550400', '20054', '[{\"1\":true},{\"2\":false},{\"4\":false},{\"5\":false},{\"6\":false},{\"7\":false},{\"8\":false},{\"9\":false},{\"10\":false},{\"11\":false},{\"12\":false}]', NULL),
(8, '10', '1696809600', '91014', '[{\"1\":true},{\"2\":false},{\"4\":false},{\"5\":false},{\"6\":false},{\"7\":false},{\"8\":false},{\"9\":false},{\"10\":false},{\"11\":false},{\"12\":false}]', NULL),
(9, '4', '1696896000', '51896', '[{\"1\":true},{\"2\":false},{\"4\":false},{\"5\":false},{\"6\":true},{\"7\":false},{\"8\":false},{\"9\":false},{\"10\":false},{\"11\":false},{\"12\":false}]', NULL),
(10, '7', '1698105600', '712116', '[{\"1\":true},{\"2\":false},{\"4\":false},{\"5\":false},{\"6\":false},{\"7\":false},{\"8\":false},{\"9\":false},{\"10\":false},{\"11\":false},{\"12\":false}]', NULL),
(11, '10', '1698278400', '95393', '[{\"1\":false},{\"2\":false},{\"4\":false},{\"5\":false},{\"6\":false},{\"7\":false},{\"8\":false},{\"9\":false},{\"10\":false},{\"11\":false},{\"12\":false},{\"13\":true},{\"14\":false}]', NULL),
(12, '5', '1698105600', '655224', '[{\"1\":false},{\"2\":false},{\"4\":false},{\"5\":false},{\"6\":false},{\"7\":false},{\"8\":false},{\"9\":false},{\"10\":false},{\"11\":false},{\"12\":false},{\"13\":false},{\"14\":true}]', NULL),
(13, '', '', '', 'null', NULL),
(14, '6', '1682467200', '5158110', '[{\"1\":false},{\"2\":true},{\"4\":true},{\"5\":false},{\"6\":false},{\"7\":true},{\"8\":false},{\"9\":false},{\"10\":false},{\"11\":false},{\"12\":false},{\"13\":false},{\"14\":false}]', NULL),
(15, '6', '1687305600', '534900', '[{\"1\":false},{\"2\":false},{\"4\":false},{\"5\":false},{\"6\":true},{\"7\":false},{\"8\":false},{\"9\":false},{\"10\":false},{\"11\":false},{\"12\":false},{\"13\":false},{\"14\":false},{\"15\":true}]', NULL),
(16, '4', '1698969600', '58816', '[{\"1\":true},{\"2\":false},{\"4\":false},{\"5\":false},{\"6\":false},{\"7\":false},{\"8\":false},{\"9\":false},{\"10\":false},{\"11\":false},{\"12\":false},{\"13\":false},{\"14\":false},{\"15\":false}]', NULL),
(17, '11', '1699401600', '29437', '[{\"1\":true},{\"2\":false},{\"4\":false},{\"5\":false},{\"6\":false},{\"7\":false},{\"8\":false},{\"9\":false},{\"10\":false},{\"11\":false},{\"12\":false},{\"13\":false},{\"14\":false},{\"15\":false}]', NULL),
(18, '5', '1700524800', '666379', '[{\"1\":false},{\"2\":false},{\"4\":false},{\"5\":false},{\"6\":false},{\"7\":false},{\"8\":false},{\"9\":true},{\"10\":false},{\"11\":false},{\"12\":false},{\"13\":false},{\"14\":false},{\"15\":false},{\"16\":true},{\"17\":true},{\"18\":true}]', NULL),
(19, '8', '1700697600', '510541', '[{\"1\":true},{\"2\":false},{\"4\":false},{\"5\":false},{\"6\":false},{\"7\":false},{\"8\":false},{\"9\":false},{\"10\":false},{\"11\":false},{\"12\":false},{\"13\":false},{\"14\":false},{\"15\":false},{\"16\":false},{\"17\":false},{\"18\":false}]', NULL),
(20, '12', '1700784000', '41814', '[{\"1\":true},{\"2\":false},{\"4\":false},{\"5\":false},{\"6\":false},{\"7\":false},{\"8\":false},{\"9\":false},{\"10\":false},{\"11\":false},{\"12\":false},{\"13\":false},{\"14\":false},{\"15\":false},{\"16\":false},{\"17\":false},{\"18\":false}]', NULL),
(22, '6', '1703548800', '603629', '[{\"1\":false},{\"2\":false},{\"4\":false},{\"5\":false},{\"6\":false},{\"7\":false},{\"8\":false},{\"9\":true},{\"10\":false},{\"11\":false},{\"12\":false},{\"13\":false},{\"14\":false},{\"15\":false},{\"16\":false},{\"17\":false},{\"18\":false}]', NULL),
(23, '12', '1703808000', '51500', '[{\"1\":false},{\"2\":false},{\"4\":true},{\"5\":false},{\"6\":false},{\"7\":false},{\"8\":false},{\"9\":false},{\"10\":false},{\"11\":false},{\"12\":false},{\"13\":false},{\"14\":false},{\"15\":false},{\"16\":false},{\"17\":false},{\"18\":false}]', NULL),
(24, '8', '1704672000', '524125', '[{\"1\":false},{\"2\":false},{\"4\":true},{\"5\":false},{\"6\":false},{\"7\":false},{\"8\":false},{\"9\":false},{\"10\":false},{\"11\":false},{\"12\":false},{\"13\":false},{\"14\":false},{\"15\":false},{\"16\":false},{\"17\":false},{\"18\":false},{\"19\":true},{\"20\":true},{\"21\":true},{\"22\":true}]', 'test remarks');

-- --------------------------------------------------------

--
-- Table structure for table `office_details`
--

CREATE TABLE `office_details` (
  `id` int(11) NOT NULL,
  `oname` varchar(100) DEFAULT NULL,
  `onumber` varchar(100) DEFAULT NULL,
  `location` varchar(100) DEFAULT NULL
) ENGINE=InnoDB DEFAULT CHARSET=latin1;

--
-- Dumping data for table `office_details`
--

INSERT INTO `office_details` (`id`, `oname`, `onumber`, `location`) VALUES
(2, 'Geniies IT & Services', '9597671071', 'Coimbatore, Tamil Nadu'),
(3, 'KARTHI ROADWAYS', '9442928888', 'Erode, Tamil Nadu'),
(4, 'ANITHA MARIMUTHU', '9442134003', 'Tuticorin, Tamil Nadu'),
(5, 'VMR', '6384600666', 'Vapi, Gujarat'),
(6, 'M.S. TRANSPORT', '9500340034', 'Mettur, Tamil Nadu'),
(7, 'ANNALAKSHMI ', '9488171230', 'Pollachi, Tamil Nadu'),
(8, 'Podaran juice', '9377377000', 'Kangeyam, Tamil Nadu'),
(9, 'PMS TRANSPORT ', '7598406699', 'Mettur, Tamil Nadu'),
(10, 'SELVAM M.NET', '9842750251, 9698950250', 'Tiruchengode, Tamil Nadu'),
(11, 'MADHAN TRANSPORT', '9381049997, 9380409899', 'Chennai, Tamil Nadu'),
(12, 'NEW MAHALAKSHMI', '8080610610', 'Mumbai, Maharashtra'),
(13, 'SOUTH MURUGAN', '9822830009', 'Nanded-Waghala, Maharashtra'),
(14, 'OLD MAHALAKSHMI ROADLINES', '8080733533', 'Mumbai, Maharashtra'),
(15, 'ALL INDIA TRANSPORT', '9765002727', 'Kolhapur, Maharashtra'),
(16, 'ANNA ROADWAYS', '9993869379, 9755168379', 'Murwara (Katni), Madhya Pradesh'),
(17, 'VASU ROADWAYS', '9566466699', 'Chennai, Tamil Nadu'),
(18, 'KAMAKSHI TRANSPORT', '8085187033, 8085484930', 'Indore, Madhya Pradesh'),
(19, 'USHA TRANSPORT', '9092866575', 'Erode, Tamil Nadu'),
(20, 'VR TRANSPORT', '9328801555', 'Vapi, Gujarat'),
(21, 'MAHALAKSHMI SITHANUR', '9448023949', 'Sindhnur, Karnataka'),
(22, 'KANNAN ', '9427114858', 'Ankleshwar, Gujarat'),
(23, 'Bhavani amman, chennai', '9003196477, 6380643352', 'Chennai, Tamil Nadu'),
(24, 'NAMAKAL TRANSPORT', '7387673434', 'Sangli, Maharashtra'),
(25, 'ANUSKA TRANSPORT', '8675361441', 'Ramanathapuram, Tamil Nadu'),
(26, 'DHEEBAM', '9842224347', 'Tiruppur, Tamil Nadu'),
(27, 'NEW JAYALAKSHMI', '9221297097, 9087043777', 'Mumbai, Maharashtra'),
(28, 'DHARUN TRANSPORT', '8883358183', 'Sankari, Tamil Nadu'),
(29, 'SAHARA TRANSPORT', '9900626772', 'Kolar, Karnataka'),
(30, 'VENKATESWARA TRANSPORT', '9742135786', 'Vijaypur, Madhya Pradesh'),
(31, 'KARUNAKARAN', '8870100990', 'Salem, Tamil Nadu'),
(32, 'SHIV KRUBA', '9092924567', 'Chennai, Tamil Nadu'),
(33, 'JANATHA TRANSPORT', '9425503783, 9300003783', 'Bilaspur, Chhattisgarh'),
(34, 'JHANU LOGISTICS', '9821217309, 9986296634', 'Mumbai, Maharashtra'),
(35, 'SVL TRANSPORT', '9944660461', 'Perundurai, Tamil Nadu'),
(36, 'PTC TRANSPORT', '9388888650', 'Perumbavoor, Kerala'),
(37, 'MALLIGA ARJUNA', '9665500933', 'Kolhapur, Maharashtra'),
(38, 'SIVA ROADLINES', '9379296736, 9845026052', 'Bengaluru, Karnataka'),
(39, 'NAGPUR TAMILNADU', '9890214804', 'Nagpur, Maharashtra'),
(40, 'VENKATESWARA TRANSPORT', '9974843575', 'Vapi, Gujarat'),
(41, 'SAKTHI ROADLINES, KOTA', '9842588434', 'Tuticorin, Tamil Nadu'),
(42, 'SAHUL MOVERS', '9374551786, 9377741420, 9624551786', 'Vapi, Gujarat'),
(43, 'BST', '9822019460', 'Pune, Maharashtra'),
(44, 'MANI BROTHERS', '9843027818, 9585527818', 'Coimbatore, Tamil Nadu'),
(45, 'DIVYA TRANSPORT', '9941064229', 'Chennai, Tamil Nadu'),
(46, 'SABARISH', '9751510084', 'Udumalaipettai, Tamil Nadu'),
(47, 'KANNAN TRANSPORT', '9442541169', 'Pollachi, Tamil Nadu'),
(48, 'MAHALAKSHMI ', '9375334545', 'Vapi, Gujarat'),
(49, 'AMMAN TRANSPORT', '9366777730', 'Pondicherry, Puducherry'),
(50, 'SRISAI TRANSPORT', '9448534952', NULL),
(51, 'SANVIKA', '9500683157, 9029783157', 'Mumbai, Maharashtra'),
(52, 'NAMAKAL ROADWAYS', '9842160035', 'Dindigul, Tamil Nadu'),
(53, 'VINAYAKA TRANSPORT', '9108584955', 'Bengaluru, Karnataka'),
(54, 'SOUTHERN TRANSPORT', '9822027580', 'Solapur, Maharashtra'),
(55, 'PRASANNA TRANSPORT', '7878721610, 7228833556', 'Ahmedabad, Gujarat'),
(56, 'PRASANNA, SANKIRI', '9443260070', 'Sankari, Tamil Nadu'),
(57, 'PRASANNA NAMAKKAL', '9442821509', 'Namakkal, Tamil Nadu'),
(58, 'SIVSAKTHI ROADLINES', '8171935504, 7037871741', 'Agra, Uttar Pradesh'),
(59, 'ERODE VR TRANSPORT', '9445918388', 'Erode, Tamil Nadu'),
(60, 'RVS LORRY SUPPLY', '9440725955, 8919010667', 'Nandyal, Andhra Pradesh'),
(61, 'MARUTHI TRANSPORT', '9390405090', 'Mandapeta, Andhra Pradesh'),
(62, 'DURGA MARUTHI', '9985274555', 'Rajahmundry, Andhra Pradesh'),
(63, 'SAMUNDEESWARI', '9848478447', 'Mandapeta, Andhra Pradesh'),
(64, 'CHERAN TRANSPORT', '9791861113', 'Coimbatore, Tamil Nadu'),
(65, 'SHIV KRUBA', '9879004071', 'Porbandar, Gujarat'),
(66, 'SHIV KRUBA', '8866043108', 'Rajkot, Gujarat'),
(67, 'ASIAN TRANSPORT', ' 9822104286, 9822999986', 'Solapur, Maharashtra'),
(68, 'SRINIVASA TRANSPORT', '9994272085, 9025221994', 'Chennai, Tamil Nadu'),
(69, 'KANNIMAR TRANSPORT', '9978923400', 'Morvi, Gujarat'),
(70, 'MALLIGA ARJUNA', '9845114515', 'Davanagere, Karnataka'),
(71, 'krishnan', '8248534841', 'Mandya, Karnataka'),
(72, 'MALLIGA ARJUNA', '9448117815', 'Srisailam Project (Right Flank Colony) Township, Andhra Pradesh'),
(73, 'NELLAI PANDI', '9243164142', 'Belagavi, Karnataka'),
(74, 'NEW KAMATCHI TRANSPORT', '9822073584', 'Nashik, Maharashtra');

-- --------------------------------------------------------

--
-- Table structure for table `services`
--

CREATE TABLE `services` (
  `id` int(11) NOT NULL,
  `service` varchar(100) DEFAULT NULL
) ENGINE=InnoDB DEFAULT CHARSET=latin1;

--
-- Dumping data for table `services`
--

INSERT INTO `services` (`id`, `service`) VALUES
(1, 'TYRE ROTATION'),
(2, 'OIL SERVICE'),
(4, 'WHEEL GREASE'),
(5, 'DIESEL FILTER'),
(6, 'AIR FILTER'),
(7, 'PIN BUSH'),
(8, 'OIL FILTER'),
(9, 'NEW TYRE'),
(10, 'FRONT AXLE'),
(11, 'CAM SHAFT'),
(12, 'SELF MOTOR'),
(13, 'LINING'),
(14, 'GEAR BOX'),
(15, 'CLUTCH PLATE'),
(16, 'WATER PUMP'),
(17, 'RADIATOR'),
(18, 'TURBO CHAMBER'),
(19, 'SELF MOTOR SERVICE'),
(20, 'DYNAMO SERVICE'),
(21, 'CROWN OIL'),
(22, 'GEAR BOX OIL');

-- --------------------------------------------------------

--
-- Table structure for table `users`
--

CREATE TABLE `users` (
  `id` int(11) NOT NULL,
  `username` varchar(100) DEFAULT NULL,
  `password` varchar(100) DEFAULT NULL,
  `role` varchar(100) DEFAULT NULL,
  `token` varchar(500) DEFAULT NULL
) ENGINE=InnoDB DEFAULT CHARSET=utf8mb4;

--
-- Dumping data for table `users`
--

INSERT INTO `users` (`id`, `username`, `password`, `role`, `token`) VALUES
(1, 'manimaran', 'admin123', 'admin', 'eyAidXNlcklkIjogIkpTMTUwNjE5ODMiLCAidGVtcFNlc3Npb25JZCIgOiIiLCAic2Vzc2lvbklkIjogIjY5NjIwNDEwNCMwLTE2MjMwNCIsICJjbGllbnRJZCIgOiAiWU5UODkiLCAiY2xpZW50R3JvdXBJZCI6IiIsImFjY2Vzc0ZsYWciOiJ0cnVlIiwib25lVGltZVRva2VuIjoiIiwic2Vzc2lvblRva2VuIjoiRDQxMURBOUUxNzhBOEMwRTU2NTVGMDM2NjMzNTA2NTZGMTA2RERFQ');

--
-- Indexes for dumped tables
--

--
-- Indexes for table `advance`
--
ALTER TABLE `advance`
  ADD PRIMARY KEY (`id`);

--
-- Indexes for table `cities`
--
ALTER TABLE `cities`
  ADD PRIMARY KEY (`id`);

--
-- Indexes for table `lorry_details`
--
ALTER TABLE `lorry_details`
  ADD PRIMARY KEY (`id`);

--
-- Indexes for table `lorry_no`
--
ALTER TABLE `lorry_no`
  ADD PRIMARY KEY (`id`);

--
-- Indexes for table `maintenance`
--
ALTER TABLE `maintenance`
  ADD PRIMARY KEY (`id`);

--
-- Indexes for table `office_details`
--
ALTER TABLE `office_details`
  ADD PRIMARY KEY (`id`);

--
-- Indexes for table `services`
--
ALTER TABLE `services`
  ADD PRIMARY KEY (`id`);

--
-- Indexes for table `users`
--
ALTER TABLE `users`
  ADD PRIMARY KEY (`id`);

--
-- AUTO_INCREMENT for dumped tables
--

--
-- AUTO_INCREMENT for table `advance`
--
ALTER TABLE `advance`
  MODIFY `id` int(11) NOT NULL AUTO_INCREMENT, AUTO_INCREMENT=75;

--
-- AUTO_INCREMENT for table `cities`
--
ALTER TABLE `cities`
  MODIFY `id` int(11) NOT NULL AUTO_INCREMENT, AUTO_INCREMENT=1214;

--
-- AUTO_INCREMENT for table `lorry_details`
--
ALTER TABLE `lorry_details`
  MODIFY `id` int(11) NOT NULL AUTO_INCREMENT, AUTO_INCREMENT=423;

--
-- AUTO_INCREMENT for table `lorry_no`
--
ALTER TABLE `lorry_no`
  MODIFY `id` int(11) NOT NULL AUTO_INCREMENT, AUTO_INCREMENT=18;

--
-- AUTO_INCREMENT for table `maintenance`
--
ALTER TABLE `maintenance`
  MODIFY `id` int(11) NOT NULL AUTO_INCREMENT, AUTO_INCREMENT=25;

--
-- AUTO_INCREMENT for table `office_details`
--
ALTER TABLE `office_details`
  MODIFY `id` int(11) NOT NULL AUTO_INCREMENT, AUTO_INCREMENT=75;

--
-- AUTO_INCREMENT for table `services`
--
ALTER TABLE `services`
  MODIFY `id` int(11) NOT NULL AUTO_INCREMENT, AUTO_INCREMENT=23;

--
-- AUTO_INCREMENT for table `users`
--
ALTER TABLE `users`
  MODIFY `id` int(11) NOT NULL AUTO_INCREMENT, AUTO_INCREMENT=2;
COMMIT;

/*!40101 SET CHARACTER_SET_CLIENT=@OLD_CHARACTER_SET_CLIENT */;
/*!40101 SET CHARACTER_SET_RESULTS=@OLD_CHARACTER_SET_RESULTS */;
/*!40101 SET COLLATION_CONNECTION=@OLD_COLLATION_CONNECTION */;
